1142741380390969346;Matteo Salviniâ€Account verificato;@matteosalvinimi;;2019-06-23 12:29:10;Riterremo il governo olandese, e lâ€™Unione Europea assente e lontana come sempre, responsabili di qualunque cosa accadrÃ  alle donne e agli uomini a bordo della #SeaWatch.;Riterremo il governo olandese, e lâ€™Unione Europea assente e lontana come sempre, responsabili di qualunque cosa accadrÃ  alle donne e agli uomini a bordo della #SeaWatch.;;;
1142791118167392263;Marco RussoÂ ğŸ‡®ğŸ‡¹â€;@markorusso69;In risposta a @matteosalvinimi;2019-06-23 15:46:49;Arrestali . E riporta tutti in Libia .;ArrestaliE riporta tutti in Libia .;5;4;24
1142810516542361600;Antonellaâ€;@Antonel95894724;In risposta a @markorusso69 e @matteosalvinimi;2019-06-23 17:03:54;Insieme a te;Insieme a te;1;;
1142815549304557568;Marco RussoÂ ğŸ‡®ğŸ‡¹â€;@markorusso69;In risposta a @Antonel95894724 e @matteosalvinimi;2019-06-23 17:23:54;Nâ€™ziem a mammeta;Nâ€™ziem a mammeta;2;1;7
1142818321127149568;Rossanoâ€;@RossanoArpebe;In risposta a @markorusso69, @Antonel95894724 e @matteosalvinimi;2019-06-23 17:34:54;"Trollonzo.....
Colpito e affondato...ğŸ˜‚ ğŸ˜‚";"Trollonzo.....
Colpito e affondato...ğŸ˜‚ ğŸ˜‚";1;;1
1142818487628390401;Marco RussoÂ ğŸ‡®ğŸ‡¹â€;@markorusso69;In risposta a @RossanoArpebe, @Antonel95894724 e @matteosalvinimi;2019-06-23 17:35:34;Ma che vengono a fare? ....mah...;Ma che vengono a fare? ;;;1
1142744015420428288;Persilâ€;@PersilQ;In risposta a @matteosalvinimi;2019-06-23 12:39:39;"Ma ancora non hai capito che quelli se ne fregano e vogliono che l'Italia espella? Se non lo facciamo diventeremo il cesso d'europa. 
Ancora non hai capito cos'e' la UE? La UE NON E' UNO STATO; ognuno fa i proprio sporchi interessi, come Germania e Francia che ce li scaricano";"Ma ancora non hai capito che quelli se ne fregano e vogliono che l'Italia espella? Se non lo facciamo diventeremo il cesso d'europa. 
Ancora non hai capito cos'e' la UE? La UE NON E' UNO STATO; ognuno fa i proprio sporchi interessi, come Germania e Francia che ce li scaricano";2;10;28
1142749512026529794;Gianmarcoâ€;@Gianmar26145917;In risposta a @matteosalvinimi;2019-06-23 13:01:29;Lei ministro Ã¨ incredulo a me invece il loro comportamento sembra coerente con i precedenti degli ultimi anni...I migranti non li vogliono e se ne fregano altamente, l'importante Ã¨ che se ne occupi qualcun altro! Fanculo l'Europa #Italexit;Lei ministro Ã¨ incredulo a me invece il loro comportamento sembra coerente con i precedenti degli ultimi anni...I migranti non li vogliono e se ne fregano altamente, l'importante Ã¨ che se ne occupi qualcun altro! Fanculo l'Europa #Italexit;;4;12
1142773650191462400;Francesco Sammartinoâ€;@FrancescoSamma2;In risposta a @matteosalvinimi;2019-06-23 14:37:24;Ministro, lei gli attributi li ha. Richiami l'ambasciatore. Forse sarebbe anche il caso di bloccare l'importazione delle auto tedesche fin quando la ONG di quel Paese non richiama la sua nave. Ãˆ ora di mostrare i muscoli. Basta con le mediazioni.;Ministro, lei gli attributi li ha. Richiami l'ambasciatore. Forse sarebbe anche il caso di bloccare l'importazione delle auto tedesche fin quando la ONG di quel Paese non richiama la sua nave. Ãˆ ora di mostrare i muscoli. Basta con le mediazioni.;1;4;15
1142768368677732352;Boris Sollazzoâ€;@BorisSollazzo;In risposta a @matteosalvinimi;2019-06-23 14:16:25;Bastava andare a Bruxelles una delle 21 volte in cui lei non Ã¨ andato agli incontri europei sull'immigrazione con le alte cariche degli altri paesi comunitari. Lo avrebbe incontrato, capace che vi scambiavate pure il numero di telefono.;Bastava andare a Bruxelles una delle 21 volte in cui lei non Ã¨ andato agli incontri europei sull'immigrazione con le alte cariche degli altri paesi comunitari. Lo avrebbe incontrato, capace che vi scambiavate pure il numero di telefono.;3;4;40
1142771621800894464;Matteo Salvini Fakeâ€;@matteosarvietta;In risposta a @matteosalvinimi;2019-06-23 14:29:20;Amici, la volete vedere un'altra figurademmerda del Vostro Papi?pic.twitter.com/AaAlvTdQCIâ˜ºï¸;Amici, la volete vedere un'altra figurademmerda del Vostro Papi?  â˜ºï¸;1;4;10
1142743480097300481;Danelli GiuseppeÂ ğŸ‡®ğŸ‡¹â€;@DanelliGiusepp3;In risposta a @matteosalvinimi;2019-06-23 12:37:31;Capitano, questi ci prendono per i fondelli, ad uno ad uno con la scusa che stanno male sbarcheranno tutti in italia, allontanare dalle nostre acque e subito!!;Capitano, questi ci prendono per i fondelli, ad uno ad uno con la scusa che stanno male sbarcheranno tutti in italia, allontanare dalle nostre acque e subito!!;1;3;8
1142824067558514689;Carmen Ù†â€;@carmentpf;In risposta a @matteosalvinimi;2019-06-23 17:57:45;Riportatela in Africa con la forza, come farebbe la Francia, poco ma sicuro. E nessuno si azzarderebbe a dirgli una parola,perchÃ¨ tutto possiamo dirgli ma non che non abbiano le palle per difendersi o attaccare chiunque.;Riportatela in Africa con la forza, come farebbe la Francia, poco ma sicuro. E nessuno si azzarderebbe a dirgli una parola,perchÃ¨ tutto possiamo dirgli ma non che non abbiano le palle per difendersi o attaccare chiunque.;1;3;9
1142825568485945344;Fabio Â âš”ï¸Â ğŸ‡®ğŸ‡¹Â ğŸ‡®ğŸ‡¹Â âš”ï¸â€;@Fabio16902612;In risposta a @carmentpf e @matteosalvinimi;2019-06-23 18:03:42;UnitÃ  della Marina Militare la abborda e prende possesso della bagnarola. DopodichÃ© fa rotta per dove Ã¨ partita, scarica i finti profughi Clandestini. Fine!;UnitÃ  della Marina Militare la abborda e prende possesso della bagnarola. DopodichÃ© fa rotta per dove Ã¨ partita, scarica i finti profughi Clandestini. Fine!;1;2;1
1142756697695498240;Giorgiaâ€;@giotta76;In risposta a @matteosalvinimi;2019-06-23 13:30:02;Io sono incredula che al mondo possa esistere una persona cosÃ¬ meschina come lei. Continui a baciare il suo rosario, prima o poi pagherÃ  per tutto;Io sono incredula che al mondo possa esistere una persona cosÃ¬ meschina come lei. Continui a baciare il suo rosario, prima o poi pagherÃ  per tutto;3;;9
1142756975702360064;marcello crescentiniâ€;@cresce_m;In risposta a @giotta76 e @matteosalvinimi;2019-06-23 13:31:09;non sono pro salvini, ma tutti i torti non li ha, dobbiamo essere realisti, altrimenti solo demagogia;non sono pro salvini, ma tutti i torti non li ha, dobbiamo essere realisti, altrimenti solo demagogia;1;;6
1142758143270764544;Giorgiaâ€;@giotta76;In risposta a @cresce_m e @matteosalvinimi;2019-06-23 13:35:47;Non si possono lasciare delle persone in mezzo al mare. Poi sono assolutamente d'accordo che non ce ne possiamo fare carico e serve una politica comunitaria decisa. Ma qui si parla di umanitÃ . Quella manca ed Ã¨ uno schifo;Non si possono lasciare delle persone in mezzo al mare. Poi sono assolutamente d'accordo che non ce ne possiamo fare carico e serve una politica comunitaria decisa. Ma qui si parla di umanitÃ . Quella manca ed Ã¨ uno schifo;6;;6
1142758699020312582;marcello crescentiniâ€;@cresce_m;In risposta a @giotta76 e @matteosalvinimi;2019-06-23 13:37:59;Cara giorgia sono d'accordo con lei, ma urgono politiche serie e non demagogiche, ognuno faccia la sua parte, vedere persone in difficoltÃ  non fatte sbarcare una vergogna, ma altrettanta vergogna che lo stato di cui la nave batte bandiera se ne freghi.;Cara giorgia sono d'accordo con lei, ma urgono politiche serie e non demagogiche, ognuno faccia la sua parte, vedere persone in difficoltÃ  non fatte sbarcare una vergogna, ma altrettanta vergogna che lo stato di cui la nave batte bandiera se ne freghi.;3;;4
1142760378021109760;Giorgiaâ€;@giotta76;In risposta a @cresce_m e @matteosalvinimi;2019-06-23 13:44:40;Marcello, apprezzo molto la sua cordialitÃ . Cosa rara qui.;Marcello, apprezzo molto la sua cordialitÃ . Cosa rara qui.;1;;3
1142762895920574464;marcello crescentiniâ€;@cresce_m;In risposta a @giotta76 e @matteosalvinimi;2019-06-23 13:54:40;La ringrazio, ma se uno non Ã¨ cordiale non Ã¨ persona.....;La ringrazio, ma se uno non Ã¨ cordiale non Ã¨ persona.....;1;;2
1142791159108034562;Aneleâ€;@Anelestellata;In risposta a @cresce_m, @giotta76 e @matteosalvinimi;2019-06-23 15:46:59;Avete intavolato una sana discussione, bravi, io sto con entrambi poichÃ© entrambi dite il giusto, lâ€™Ue non fa ciÃ² che dovrebbe (parati dietro il trattato di Dublino ahinoi) MMMMMAA... LE PERSONE IN MARE NON SI LASCIANO! Questa Ã© umanitÃ  basica..;Avete intavolato una sana discussione, bravi, io sto con entrambi poichÃ© entrambi dite il giusto, lâ€™Ue non fa ciÃ² che dovrebbe (parati dietro il trattato di Dublino ahinoi) MMMMMAA... LE PERSONE IN MARE NON SI LASCIANO! Questa Ã© umanitÃ  basica..;1;;1
1142792708890800129;Giorgiaâ€;@giotta76;In risposta a @Anelestellata, @cresce_m e @matteosalvinimi;2019-06-23 15:53:08;EsattoğŸ˜Š;EsattoğŸ˜Š;1;;1
1142774281572683779;Celeste Â ğŸ‡®ğŸ‡¹Â ğŸ‡®ğŸ‡¹Â ğŸ‡®ğŸ‡¹Â ğŸ“¿â€;@andiamoviaora;In risposta a @matteosalvinimi;2019-06-23 14:39:55;"Ministro siamo in una trappola Ã¨ il momento di uscirne!
#Italexit";"Ministro siamo in una trappola Ã¨ il momento di uscirne!
#Italexit";1;3;12
1142753527057584128;Matteo Salvini Fakeâ€;@matteosarvietta;In risposta a @matteosalvinimi;2019-06-23 13:17:26;Figli Miei, c'Ã¨ ancora qualcuno che crede alle fregnacce del Vostro Papi?pic.twitter.com/FN55TkdhUEğŸ˜Š;Figli Miei, c'Ã¨ ancora qualcuno che crede alle fregnacce del Vostro Papi?  ğŸ˜Š;1;5;16
1142756187965972480;â˜®ï¸â€;@RonaldMenti;In risposta a @matteosarvietta e @matteosalvinimi;2019-06-23 13:28:01;che coglione di personaggio;che coglione di personaggio;1;;2
1142828450186702848;Matteo Salvini Fakeâ€;@matteosarvietta;In risposta a @RonaldMenti e @matteosalvinimi;2019-06-23 18:15:09;Grazie!ğŸ˜Š;Grazie!ğŸ˜Š;;;
1142770181745364992;Gianni FriendsysCoâ€;@friendsysco;In risposta a @matteosalvinimi;2019-06-23 14:23:37;Lo zoppo e incompetente ministro dell'Interno sta cominciando a rendersi conto che non arriva molto lontano in Europa con i suoi discorsi razzisti e populisti. Il ministro degli Interni dovrebbe essere presente a una conferenza dei ministri degli interni dell'UE.  #SeaWatch;Lo zoppo e incompetente ministro dell'Interno sta cominciando a rendersi conto che non arriva molto lontano in Europa con i suoi discorsi razzisti e populisti. Il ministro degli Interni dovrebbe essere presente a una conferenza dei ministri degli interni dell'UE.  #SeaWatch;9;;18
1142770292944715777;Gianni FriendsysCoâ€;@friendsysco;In risposta a @friendsysco e @matteosalvinimi;2019-06-23 14:24:04;Seawatch sta facendo la cosa giusta! Complimenti! #salvini #SeaWatch;Seawatch sta facendo la cosa giusta! Complimenti! #salvini #SeaWatch;2;;3
1142780897726468097;FrancoRubinoâ€;@FrancoRubino12;In risposta a @friendsysco e @matteosalvinimi;2019-06-23 15:06:12;Darti dell'imbecille Ã¨ un complimento troppo grande.... Ti si addice di piÃ¹ testicolo ma, siccome forse i termini scientifici non sono alla tua portata, te lo traduco terra terra: SEI UN COGLIONE;Darti dell'imbecille Ã¨ un complimento troppo grande.... Ti si addice di piÃ¹ testicolo ma, siccome forse i termini scientifici non sono alla tua portata, te lo traduco terra terra: SEI UN COGLIONE;1;;1
1142781859853737984;Gianni FriendsysCoâ€;@friendsysco;In risposta a @FrancoRubino12 e @matteosalvinimi;2019-06-23 15:10:01;Grazie Franco!  Ho bevuto un sorso di caffÃ¨ espresso. Quindi sono completamente sveglio e vedo che l'Italia sta diventando sempre piÃ¹ razzista. Seawatch salva delle vite! Non puÃ² essere cattivo. Salvini uccide le persone. Salvini Ã¨ un razzista e un fascista!ğŸ‘ ğŸ˜‚ ğŸ‡®ğŸ‡¹;Grazie Franco!  Ho bevuto un sorso di caffÃ¨ espresso. Quindi sono completamente sveglio e vedo che l'Italia sta diventando sempre piÃ¹ razzista. Seawatch salva delle vite! Non puÃ² essere cattivo. Salvini uccide le persone. Salvini Ã¨ un razzista e un fascista!ğŸ‘ ğŸ˜‚ ğŸ‡®ğŸ‡¹;4;;
1142785112209330176;FrancoRubinoâ€;@FrancoRubino12;In risposta a @friendsysco e @matteosalvinimi;2019-06-23 15:22:57;"....... anche anti-comunista.
Mai anti-capitalista. 
Lâ€™intellettuale di sinistra conosce il popolo come le sue tasche, sempre piene. Lo osserva dal suo attico durante le manifestazioni.â€
Il fatto di condividere quello che pensano i tedeschi di Salvini lo dimostra ulteriormente!";"....... anche anti-comunista.
Mai anti-capitalista. 
Lâ€™intellettuale di sinistra conosce il popolo come le sue tasche, sempre piene. Lo osserva dal suo attico durante le manifestazioni.â€
Il fatto di condividere quello che pensano i tedeschi di Salvini lo dimostra ulteriormente!";2;2;2
1142794659699126272;LadyMagentaâ€;@LadyMagenta1;In risposta a @FrancoRubino12, @Fabri76763113 e altri 2;2019-06-23 16:00:53;Descrizione perfetta;Descrizione perfetta;1;;1
1142795230418280450;Fabri New Profile Ex Fibraâ€;@Fabri76763113;In risposta a @LadyMagenta1, @FrancoRubino12 e altri 2;2019-06-23 16:03:09;Franco gliele canta per bene Ã¨ troppo forteğŸ‘ ğŸ‘;Franco gliele canta per bene Ã¨ troppo forteğŸ‘ ğŸ‘;;;1
1142820873977716741;Î±Î»Ï†ÎµÎ¹ÏŒÏ›â€;@willkingly;In risposta a @matteosalvinimi;2019-06-23 17:45:03;DOVRESTI OPERARE UN'AZIONE DI FORZA E CREARE UN PRECEDENTE. SEQUESTRARE LA NAVE E RIPORTARE A TRIPOLI I CLANDESTINI CON LA NOSTRA MARINA. TUTTA L'EUROPA SI CONVINCEREBBE CHE L'ITALIA NON SCHERZA.;DOVRESTI OPERARE UN'AZIONE DI FORZA E CREARE UN PRECEDENTE. SEQUESTRARE LA NAVE E RIPORTARE A TRIPOLI I CLANDESTINI CON LA NOSTRA MARINA. TUTTA L'EUROPA SI CONVINCEREBBE CHE L'ITALIA NON SCHERZA.;;4;3
1142745629266972672;Peter Siebeltâ€;@petersiebelt;In risposta a @matteosalvinimi;2019-06-23 12:46:03;Il ministro olandese Ã¨ troppo codardo per agire. I suoi funzionari hanno troppa simpatia per l'industria e possono farlo lui cadere alzarsi o piedi. Afferra la nave e tagliala a pezzi;Il ministro olandese Ã¨ troppo codardo per agire. I suoi funzionari hanno troppa simpatia per l'industria e possono farlo lui cadere alzarsi o piedi. Afferra la nave e tagliala a pezzi;;1;9
1142743370839797760;salt41â€;@salt4110;In risposta a @matteosalvinimi;2019-06-23 12:37:05;"Tutti sono stati informati e allertati
Ue e germania e olanda, dirette interessate, se ne fregano, dovremmo pensarci noi?
Che si arrangi la ong responsabile. Punto";"Tutti sono stati informati e allertati
Ue e germania e olanda, dirette interessate, se ne fregano, dovremmo pensarci noi?
Che si arrangi la ong responsabile. Punto";;3;11
1142803527334604801;H.J.Morganâ€;@_MorganHJ;In risposta a @matteosalvinimi;2019-06-23 16:36:07;"Tweet pubblicitario

SE LO FAI TU VALE DI PIÃ™pic.twitter.com/tysC9CzSKm";"Tweet pubblicitario

SE LO FAI TU VALE DI PIÃ™  ";1;1;1
1142806549930401792;Alessia Brunoâ€;@Alessia36564281;In risposta a @_MorganHJ e @matteosalvinimi;2019-06-23 16:48:08;...?;...?;1;;1
1142807664596082688;H.J.Morganâ€;@_MorganHJ;In risposta a @Alessia36564281 e @matteosalvinimi;2019-06-23 16:52:34;L'ho dovuto fare. Da quando Salvini Ã¨ passato dalla parte degli U.S.A. e i troll russi non mi pagano piÃ¹, sto cercando nuovi sponsor.;L'ho dovuto fare. Da quando Salvini Ã¨ passato dalla parte degli U.S.A. e i troll russi non mi pagano piÃ¹, sto cercando nuovi sponsor.;1;;2
1142809244560965633;Alessia Brunoâ€;@Alessia36564281;In risposta a @_MorganHJ e @matteosalvinimi;2019-06-23 16:58:50;Cara, vecchia industria...;Cara, vecchia industria...;1;;1
1142812438636744705;H.J.Morganâ€;@_MorganHJ;In risposta a @Alessia36564281 e @matteosalvinimi;2019-06-23 17:11:32;"Alla luce del fallimento del piano Impresa 4.0 sto gettando le premesse per un nuovo concetto:
Industria 5 contro 1.";"Alla luce del fallimento del piano Impresa 4.0 sto gettando le premesse per un nuovo concetto:
Industria 5 contro 1.";1;;1
1142814031666974720;Alessia Brunoâ€;@Alessia36564281;In risposta a @_MorganHJ e @matteosalvinimi;2019-06-23 17:17:52;Dev'essere interessante... Cos'Ã¨, di grazia...?ğŸ˜Š ğŸ˜†;Dev'essere interessante... Cos'Ã¨, di grazia...?ğŸ˜Š ğŸ˜†;1;;1
1142817047954501632;H.J.Morganâ€;@_MorganHJ;In risposta a @Alessia36564281 e @matteosalvinimi;2019-06-23 17:29:51;"In sintesi:
Basta col mandare i fattori di produzione a puttane.";"In sintesi:
Basta col mandare i fattori di produzione a puttane.";1;;1
1142818787558907904;Alessia Brunoâ€;@Alessia36564281;In risposta a @_MorganHJ e @matteosalvinimi;2019-06-23 17:36:46;ğŸ‘ ğŸ‘ ğŸ‘ ğŸ‘ ğŸ˜Š ğŸ˜˜;ğŸ‘ ğŸ‘ ğŸ‘ ğŸ‘ ğŸ˜Š ğŸ˜˜;;;1
1142759301473296384;Francesca effeâ€;@Francescaeffe3;In risposta a @matteosalvinimi;2019-06-23 13:40:23;Matteo dovevi pretendere di sostituire la Trenta e Toninelli hai fatto male a dire non chiederÃ² poltrone dopo il successo delle Europee..... tu sei buono e leale ma gli altri no, alla prima occasione cercheranno di fregarti #portichiusi;Matteo dovevi pretendere di sostituire la Trenta e Toninelli hai fatto male a dire non chiederÃ² poltrone dopo il successo delle Europee..... tu sei buono e leale ma gli altri no, alla prima occasione cercheranno di fregarti #portichiusi;2;1;8
1142771487025352706;raf maccaroneâ€;@maccarone;In risposta a @Francescaeffe3 e @matteosalvinimi;2019-06-23 14:28:48;Sono dâ€™accordo !! Sopratutto la Trenta!!;Sono dâ€™accordo !! Sopratutto la Trenta!!;;1;1
1142828991096741888;enricagiordanoâ€;@badkiki1;In risposta a @matteosalvinimi;2019-06-23 18:17:18;"Guardi,mi Ã¨ capitato questo articolo sotto gli occhi.
#Malta ha giÃ  #cacciato il #Moonbirds(l'aereo al servizio della #SeaWatch) l'anno scorso,per cui oggi fa #base a #Lampedusa:che ne direbbe di #cacciarlo anche noi?";"Guardi,mi Ã¨ capitato questo articolo sotto gli occhi.
#Malta ha giÃ  #cacciato il #Moonbirds(l'aereo al servizio della #SeaWatch) l'anno scorso,per cui oggi fa #base a #Lampedusa:che ne direbbe di #cacciarlo anche noi?";;2;2
1142772578815225857;Sante Zancoâ€;@santezanco;In risposta a @matteosalvinimi;2019-06-23 14:33:09;Ollolanda in salsa leghistağŸ˜;Ollolanda in salsa leghistağŸ˜;;;10
1142749110610616320;Superenarbâ€;@Superenarb;In risposta a @matteosalvinimi;2019-06-23 12:59:53;Anche io sono incredula: perchÃ© sei un criminale. Se non lo fossi faresti sbarcare le persone e POI condurresti le tue battaglie elettorali, invece di commettere un crimine contro l'umanitÃ  con il rosario in mano. #seawatch3 #disgustopersalvini;Anche io sono incredula: perchÃ© sei un criminale. Se non lo fossi faresti sbarcare le persone e POI condurresti le tue battaglie elettorali, invece di commettere un crimine contro l'umanitÃ  con il rosario in mano. #seawatch3 #disgustopersalvini;8;;7
1142776679045193729;Daniela Marca Â ğŸ‡®ğŸ‡¹â€;@Kettelodicoaffa;In risposta a @Superenarb e @matteosalvinimi;2019-06-23 14:49:26;Nessun crimine contro l'umanitÃ , l'ONG Ã¨ libera di partire e portare il suo carico prezioso altrove.;Nessun crimine contro l'umanitÃ , l'ONG Ã¨ libera di partire e portare il suo carico prezioso altrove.;;;4
1142745904442761218;giuliâ€;@giuli84741590;In risposta a @matteosalvinimi;2019-06-23 12:47:09;Amico non e'un problema nostro.Avanti tutta e dritto come un treno;Amico non e'un problema nostro.Avanti tutta e dritto come un treno;3;;10
1142772830330900480;Sante Zancoâ€;@santezanco;In risposta a @giuli84741590 e @matteosalvinimi;2019-06-23 14:34:09;Come un treno lanciato verso il muro ...patatrac !;Come un treno lanciato verso il muro ...patatrac !;1;;6
1142753082968875008;Primula Rossaâ€;@Primula23244790;In risposta a @matteosalvinimi;2019-06-23 13:15:40;Ritirate tutti i soldi che date ai paesi stranieri per migliorarli!PerchÃ© giÃ  li manteniamo e dobbiamo essere anche uno dei paesi che dona di piÃ¹?Devono pagare le tasse anche il Vaticano e company!Mandate via tutti i Rom!Rubano,feriscono,sporcano,con i figli non si sa che fanno !;Ritirate tutti i soldi che date ai paesi stranieri per migliorarli!PerchÃ© giÃ  li manteniamo e dobbiamo essere anche uno dei paesi che dona di piÃ¹?Devono pagare le tasse anche il Vaticano e company!Mandate via tutti i Rom!Rubano,feriscono,sporcano,con i figli non si sa che fanno !;1;;7
1142764257655840768;StÃ  Ceppaâ€;@StCeppa1;In risposta a @Primula23244790 e @matteosalvinimi;2019-06-23 14:00:05;Se proprio devi fumÃ ..... almeno fumati robba buona... cambia spacciatore,ğŸ˜œ ğŸ˜œ ğŸ˜‚ ğŸ˜‚ ğŸ˜‚;Se proprio devi fumÃ ..... almeno fumati robba buona... cambia spacciatore,ğŸ˜œ ğŸ˜œ ğŸ˜‚ ğŸ˜‚ ğŸ˜‚;;;
1142748500767248384;alessandro Â ğŸ‡®ğŸ‡¹â€;@Sandro_Bo_;In risposta a @matteosalvinimi;2019-06-23 12:57:28;Intervenite con la marina e capitaneria di porto libica. Prendete possesso della nave, arrestate lâ€™equipaggio perchÃ© mette in pericolo i passeggeri, trasbordate i migranti sulle navi libiche e ognuno a casa sua!;Intervenite con la marina e capitaneria di porto libica. Prendete possesso della nave, arrestate lâ€™equipaggio perchÃ© mette in pericolo i passeggeri, trasbordate i migranti sulle navi libiche e ognuno a casa sua!;2;1;4
1142752495854395392;NamastÃ¨  Â ğŸ™  à¤¨à¤®à¤¸à¥à¤¤à¥‡â€;@Namastefa;In risposta a @Sandro_Bo_ e @matteosalvinimi;2019-06-23 13:13:20;Esatto inoltre catturate quelli che dono sbarcati negli ultimi giorni e rimandateli in Slovenia ed in libia;Esatto inoltre catturate quelli che dono sbarcati negli ultimi giorni e rimandateli in Slovenia ed in libia;;;2
1142745874172452864;Bob_Capperman Â ğŸ‡¬ğŸ‡§Â ğŸ‡¬ğŸ‡§Â ğŸ‡¬ğŸ‡§â€;@Bob_Capperman;In risposta a @matteosalvinimi;2019-06-23 12:47:02;Richiamare subito l'ambasciatore italiano a l'aia e convocare d'urgenza l'ambasciatore a Roma dei Paesi Bassi si tratta di un comportamento gravissimo l'Italia deve farsi rispettare #italexit #minibot #Brexit #Trump;Richiamare subito l'ambasciatore italiano a l'aia e convocare d'urgenza l'ambasciatore a Roma dei Paesi Bassi si tratta di un comportamento gravissimo l'Italia deve farsi rispettare #italexit #minibot #Brexit #Trump;2;;2
1142742289124659202;Franco Salaâ€;@franco_sala;In risposta a @matteosalvinimi;2019-06-23 12:32:47;"Bravissimo #Capitano , che se la prendano gli #Olandesi. .
Non lâ€™hanno ancora capito che in #italia
#portichiusi
#SeaWatch3 .";"Bravissimo #Capitano , che se la prendano gli #Olandesi.Non lâ€™hanno ancora capito che in #italia
#portichiusi
#SeaWatch3 .";1;1;5
1142791867991543808;ennio1963Â ğŸ‡®ğŸ‡¹â€;@enniogiannascol;In risposta a @matteosalvinimi;2019-06-23 15:49:48;Hai chiesto il voto alle europee Ã¨ sei stato premiato, ma le persone che ti hanno votato lo sanno che non contate niente in europağŸ˜… ğŸ˜… ğŸ˜… ğŸ˜… ğŸ˜” ğŸ˜” ğŸ˜”;Hai chiesto il voto alle europee Ã¨ sei stato premiato, ma le persone che ti hanno votato lo sanno che non contate niente in europağŸ˜… ğŸ˜… ğŸ˜… ğŸ˜… ğŸ˜” ğŸ˜” ğŸ˜”;;2;3
1142779566391463941;ADURNO Giuseppeâ€;@giuseppeadurno;In risposta a @matteosalvinimi;2019-06-23 15:00:55;Ã¨ORA di fare la stessa cosa FREGARSENEEEEEE !!! Basta senntirsi responsabili di tutte le miserie del mondo !!! ONG e tutti i Complottisti del Programmato Suicidio italiano Vadano al Diavolo !!!!!!;Ã¨ORA di fare la stessa cosa FREGARSENEEEEEE !!! Basta senntirsi responsabili di tutte le miserie del mondo !!! ONG e tutti i Complottisti del Programmato Suicidio italiano Vadano al Diavolo !!!!!!;;2;4
1142758591746727937;Matteo Rossiâ€;@redsmat;In risposta a @matteosalvinimi;2019-06-23 13:37:34;Potevi anche fare a meno di chiamare. Ã‰ palese che loro sono i primi che se ne fregano. Almeno  togliessero ste navi dai mari... Avanti tutta @matteosalvinimi;Potevi anche fare a meno di chiamare. Ã‰ palese che loro sono i primi che se ne fregano. Almeno  togliessero ste navi dai mari... Avanti tutta @matteosalvinimi;;;7
1142750565748711425;Nicola Tirozziâ€;@Nicola_Tirozzi;In risposta a @matteosalvinimi;2019-06-23 13:05:40;"Lui un anno fa ha siglato l'accordo con l'UE per l'accoglienza dei migranti su base volontaria da parte dei paesi membri e sempre lui si lamenta perchÃ© adesso nessuno li vuole accogliere, Salvini sei l'incoerenza fatta persona. 

â€¦https://www-ilfattoquotidiano-it.cdn.ampproject.org/v/s/www.ilfattoquotidiano.it/2018/06/29/vertice-ue-accordo-sui-migranti-centri-su-base-volontaria-ma-macron-vanno-fatti-nei-paesi-di-primo-arrivo/4459432/amp/?amp_js_v=a2&amp_gsa=1&usqp=mq331AQA#referrer=https%3A%2F%2Fwww.google.com&amp_tf=Da%20%251%24s&ampshare=https%3A%2F%2Fwww.ilfattoquotidiano.it%2F2018%2F06%2F29%2Fvertice-ue-accordo-sui-migranti-centri-su-base-volontaria-ma-macron-vanno-fatti-nei-paesi-di-primo-arrivo%2F4459432%2FÂ â€¦";"Lui un anno fa ha siglato l'accordo con l'UE per l'accoglienza dei migranti su base volontaria da parte dei paesi membri e sempre lui si lamenta perchÃ© adesso nessuno li vuole accogliere, Salvini sei l'incoerenza fatta persona. 

Â ";;2;3
1142748220990341120;ğŸ‡®ğŸ‡¹#ItalEXIT #NoWay STOP ITALY INVASIONâ€;@Truther81174;In risposta a @matteosalvinimi;2019-06-23 12:56:21;perche'  non si fa ancora il #BloccoNavaleSubito? Perche' non si prendono provvedimenti come l'affondamento dei taxi del mare? Perche' non si introduce il reato penale di immigrazione clandestina? Perche'  non si [procede ai #Rimpatri forzati di massa Perche??????;perche'  non si fa ancora il #BloccoNavaleSubito? Perche' non si prendono provvedimenti come l'affondamento dei taxi del mare? Perche' non si introduce il reato penale di immigrazione clandestina? Perche'  non si [procede ai #Rimpatri forzati di massa Perche??????;1;2;3
1142749525364346880;Arsenicoâ€;@Vincenz97463478;In risposta a @Truther81174 e @matteosalvinimi;2019-06-23 13:01:32;Salvini parla ma non puÃ² fare niente e gli fa acquisire voti.Per adesso;Salvini parla ma non puÃ² fare niente e gli fa acquisire voti.Per adesso;1;;1
1142745222939664384;la paoâ€;@paola_dal_cin;In risposta a @matteosalvinimi;2019-06-23 12:44:26;Mandali fuori da qua. Questione di dignitÃ . Forza Matteo!;Mandali fuori da qua. Questione di dignitÃ . Forza Matteo!;1;;5
1142750319497097217;Terno al Sub 26 5 19 Â ğŸ‡®ğŸ‡¹ Â ğŸ‡¸ğŸ‡¾ Â ğŸ‡§ğŸ‡·â€;@jobwithinternet;In risposta a @paola_dal_cin e @matteosalvinimi;2019-06-23 13:04:42;Quando si verificÃ² questo episodio, il gov olandese fece spalluccehttps://www.youtube.com/watch?v=VU9w9A5sKZoÂ â€¦;Quando si verificÃ² questo episodio, il gov olandese fece spallucceÂ ;;;2
1142742958229397504;Mussalvini il Bufalaroâ€;@pincopallino197;In risposta a @matteosalvinimi;2019-06-23 12:35:27;Lei Ã¨ un ciuccio..si studi il diritto umano internazionale..qualsiasi bandiera batte in quel momento non ha colore nÃ© politica..il diritto umano va al di lÃ  di ogni cosa..ma lei queste cose fa finta di non saperle..se li porti tutti sulla coscienza ..tutto ritorna indietro;Lei Ã¨ un  studi il diritto umano internazionale..qualsiasi bandiera batte in quel momento non ha colore nÃ©  diritto umano va al di lÃ  di ogni  lei queste cose fa finta di non  li porti tutti sulla coscienza ..tutto ritorna indietro;1;;8
1142756650882932736;Tizio.8020â€;@8020Tizio;In risposta a @pincopallino197 e @matteosalvinimi;2019-06-23 13:29:51;MAVAFFANCULO!;MAVAFFANCULO!;;;1
1142749152356552705;Danielaâ€;@biuai;In risposta a @matteosalvinimi;2019-06-23 13:00:03;Adesso, in Olandapic.twitter.com/4bkOa1dlXu;Adesso, in Olanda  ;1;;11
1142764604575162373;Lucio Caloreâ€;@LucioCalore;In risposta a @biuai e @matteosalvinimi;2019-06-23 14:01:27;Li mandiamo a casa tua?;Li mandiamo a casa tua?;1;;
1142769637979054080;Danielaâ€;@biuai;In risposta a @LucioCalore e @matteosalvinimi;2019-06-23 14:21:27;Adesso mi sto cagando sotto pure io, guardağŸ™„;Adesso mi sto cagando sotto pure io, guardağŸ™„;;;1
1142748144742096896;Arsenicoâ€;@Vincenz97463478;In risposta a @matteosalvinimi;2019-06-23 12:56:03;Anche tu sei sempre assente quando in Europa si parla di Immigrazione cosa pretendi adesso.;Anche tu sei sempre assente quando in Europa si parla di Immigrazione cosa pretendi adesso.;;;9
1142742416761470976;Sandroâ€;@Sandro__Milano;In risposta a @matteosalvinimi;2019-06-23 12:33:17;Non sanno che pesci pigliare. Si erano troppo ben abituati ai governi pidioti che, per non beccarsi le eurobacchettate, avevano trasformato l'Italia in un lager per immigrati.;Non sanno che pesci pigliare. Si erano troppo ben abituati ai governi pidioti che, per non beccarsi le eurobacchettate, avevano trasformato l'Italia in un lager per immigrati.;;1;3
1142747691748921344;TES. 6 LIBERO.ITâ€;@LiberoTes;In risposta a @matteosalvinimi;2019-06-23 12:54:15;Se tutti sono muti xche nn li vuole nessuno,giÃ 11sono cesix essere http://curarati.seÂ  l'equipaggio l'importava dei 42 rimanenti?Si metteva in viaggio verso Olanda,Germania oTunisia che Ã¨ un posto di villeggiatura.Nn deve sbarcare nessuno Seawatch fa la guerra con l'ItaliağŸš«;Se tutti sono muti xche nn li vuole nessuno,giÃ 11sono cesix essere Â  l'equipaggio l'importava dei 42 rimanenti?Si metteva in viaggio verso Olanda,Germania oTunisia che Ã¨ un posto di villeggiatura.Nn deve sbarcare nessuno Seawatch fa la guerra con l'ItaliağŸš«;1;;3
1142778857973518336;rosalba mieleâ€;@RosalbaMiele;In risposta a @LiberoTes e @matteosalvinimi;2019-06-23 14:58:06;Che lingua parli???;Che lingua parli???;;;
1142744038111662081;Coletteâ€;@colette1928;In risposta a @matteosalvinimi;2019-06-23 12:39:44;Ci tenga aggiornati le segnalo che alcuni migranti ospitati in una casa qui vicino mi hanno gia rincorso 3/4 volte . Ho chiamato aiuto ma finche non fanno nulla di illegale... la polizia Ã¨ intervenuta.. ma evidentemente questi se ne fregano;Ci tenga aggiornati le segnalo che alcuni migranti ospitati in una casa qui vicino mi hanno gia rincorso 3/4 volteHo chiamato aiuto ma finche non fanno nulla di illegale... la polizia Ã¨ intervenuta.. ma evidentemente questi se ne fregano;2;;3
1142755608778694657;Tizio.8020â€;@8020Tizio;In risposta a @colette1928 e @matteosalvinimi;2019-06-23 13:25:43;"Peperoncino spray, almeno due confezioni.
Legittima difesa!";"Peperoncino spray, almeno due confezioni.
Legittima difesa!";;;2
1142745896444145665;â˜®ï¸â€;@RonaldMenti;In risposta a @matteosalvinimi;2019-06-23 12:47:07;Come rigirare la frittata a degli ignoranti disinformati: complimenti mister, sempre piÃ¹ bravi a twittare cavolate.;Come rigirare la frittata a degli ignoranti disinformati: complimenti mister, sempre piÃ¹ bravi a twittare cavolate.;1;;7
1142756731736530949;SUSY IORIâ€;@IoriSusy;In risposta a @RonaldMenti e @matteosalvinimi;2019-06-23 13:30:10;Cavolate le stai twittato tu ronaldementi.  Taci.;Cavolate le stai twittato tu ronaldementi.  Taci.;1;;
1142758155908255745;Stefanoâ€;@Stefano15691884;In risposta a @IoriSusy, @RonaldMenti e @matteosalvinimi;2019-06-23 13:35:50;Prima o poi capirete di essere stati presi per il cul (di nuovo...);Prima o poi capirete di essere stati presi per il cul (di nuovo...);;;1
1142744109075128320;Macyâ€;@okmacy;In risposta a @matteosalvinimi;2019-06-23 12:40:01;"LA ""ONG"" HA PRESO IN OSTAGGIO QUEI DERELITTI PER RICATTARE L'ITALIA,  ORA QUALCHE GIUDICE PROCEDA PER QUESTI REATI";"LA ""ONG"" HA PRESO IN OSTAGGIO QUEI DERELITTI PER RICATTARE L'ITALIA,  ORA QUALCHE GIUDICE PROCEDA PER QUESTI REATI";1;1;11
1142773034455130114;Sante Zancoâ€;@santezanco;In risposta a @okmacy e @matteosalvinimi;2019-06-23 14:34:57;Macy, maci sei o ci fai ?;Macy, maci sei o ci fai ?;1;;
1142810131555655681;Macyâ€;@okmacy;In risposta a @santezanco e @matteosalvinimi;2019-06-23 17:02:22;PROVA A GIRARTI LA DOMANDA... SE NON C'ARRIVI TI DO UN AIUTINO: C6;PROVA A GIRARTI LA DOMANDA... SE NON C'ARRIVI TI DO UN AIUTINO: C6;1;;
1142743175955734528;Roberto Stranoâ€;@RobertoStrano2;In risposta a @matteosalvinimi;2019-06-23 12:36:18;Abbiamo la marina militare, migliore al mondo, se non corrotta. USALA PER PROTEGGERE IL CONFINI MARITTIMI.;Abbiamo la marina militare, migliore al mondo, se non corrotta. USALA PER PROTEGGERE IL CONFINI MARITTIMI.;1;1;3
1142743958939983872;Giuseppe De Vincenzoâ€;@GiusMax;In risposta a @RobertoStrano2 e @matteosalvinimi;2019-06-23 12:39:25;Innanzitutto quello che ha scritto Ã¨ passibile di querela. Secondo, lei ha una certa etÃ  e ancora non ha capito che la marina militare non Ã¨ al comando del MINISTRO DELL'INTERNO? Poi, non si offenda se la chiamano ignorante.;Innanzitutto quello che ha scritto Ã¨ passibile di querela. Secondo, lei ha una certa etÃ  e ancora non ha capito che la marina militare non Ã¨ al comando del MINISTRO DELL'INTERNO? Poi, non si offenda se la chiamano ignorante.;1;;2
1142745279332048897;Twitt77â€;@Twitt773;In risposta a @GiusMax, @RobertoStrano2 e @matteosalvinimi;2019-06-23 12:44:40;Se ne dovrebbe occupare il ministro della difesa che purtroppo vale una cippa ed Ã¨ pro migranti;Se ne dovrebbe occupare il ministro della difesa che purtroppo vale una cippa ed Ã¨ pro migranti;1;;
1142790608806973440;Giuseppe De Vincenzoâ€;@GiusMax;In risposta a @Twitt773, @RobertoStrano2 e @matteosalvinimi;2019-06-23 15:44:47;Almeno sa di cosa si occupa il ministro della difesa. Non dipenda dalle cazzate che dice il suo leader.;Almeno sa di cosa si occupa il ministro della difesa. Non dipenda dalle cazzate che dice il suo leader.;;;
1142815832386494464;Luceâ€;@DiamanteGiallo;In risposta a @matteosalvinimi;2019-06-23 17:25:01;Ã¨ giunta l'ora che ti disinteressi anche Tu Matteo. Forse Malta, Tunisi o altri paesi sul mediterraneo parlano di quella barca? NO e allora smettila anche tu di interessartene, che te frega di chi galleggia nel Mediterraneo? hai fatto il tuo dovere: proteggere i nostri confini.;Ã¨ giunta l'ora che ti disinteressi anche Tu Matteo. Forse Malta, Tunisi o altri paesi sul mediterraneo parlano di quella barca? NO e allora smettila anche tu di interessartene, che te frega di chi galleggia nel Mediterraneo? hai fatto il tuo dovere: proteggere i nostri confini.;;;3
1142797427738578944;Giuseppe Perrottaâ€;@ThePepps10;In risposta a @matteosalvinimi;2019-06-23 16:11:53;Inizia a presentarti alle riunioni con gli altri Ministri dell'Interno europei quando si parla l'immigrazione, poi vediamo di chi sono le varie colpe;Inizia a presentarti alle riunioni con gli altri Ministri dell'Interno europei quando si parla l'immigrazione, poi vediamo di chi sono le varie colpe;;;3
1142781572132802560;Paolaâ€;@paolaokaasan;In risposta a @matteosalvinimi;2019-06-23 15:08:53;"Con 11 giorni che fanno su e giÃ¹ e spreco di carburante, sarebbero arrivati ovunque! 
I PORTI ERANO CHIUSI lo sapevano, dopo il primo rifiuto dell'Italia allo sbarco dovevano andare via, trovare un altro porto sicuro e disponibile! 
Quello che succede sulla nave Ã¨ colpa loro!ğŸ˜ ";"Con 11 giorni che fanno su e giÃ¹ e spreco di carburante, sarebbero arrivati ovunque! 
I PORTI ERANO CHIUSI lo sapevano, dopo il primo rifiuto dell'Italia allo sbarco dovevano andare via, trovare un altro porto sicuro e disponibile! 
Quello che succede sulla nave Ã¨ colpa loro!ğŸ˜ ";;;3
1142762249628594177;Salvatore Arcidiaconoâ€;@savvucciu;In risposta a @matteosalvinimi;2019-06-23 13:52:06;Manda un fonogramma ai prefetti e annulla i pagamenti per chi accoglie,e ordina retate e deportazione coatta a pianosa o altro bel posto degno di bestie quali sono;Manda un fonogramma ai prefetti e annulla i pagamenti per chi accoglie,e ordina retate e deportazione coatta a pianosa o altro bel posto degno di bestie quali sono;;1;2
1142750214182359040;Nicoletta Oroâ€;@OroNicoletta;In risposta a @matteosalvinimi;2019-06-23 13:04:16;"""si stanno disinteressando"". Loro. Sei sempre piÃ¹ il #ministrodellinferno.
#Fateliscendere #SeaWatch3";"""si stanno disinteressando"". Loro. Sei sempre piÃ¹ il #ministrodellinferno.
#Fateliscendere #SeaWatch3";;;4
1142750046703759360;Viviana #antistronzistaâ€;@Vivianabillo;In risposta a @matteosalvinimi;2019-06-23 13:03:37;#fateliscendere;#fateliscendere;;;5
1142749935756095488;Cristianaâ€;@StellaStar64;In risposta a @matteosalvinimi;2019-06-23 13:03:10;Ben fatto;Ben fatto;;;5
1142749912918122496;Il Bagattoâ€;@barbagattox;In risposta a @matteosalvinimi;2019-06-23 13:03:05;Bacia sul Rosario  e buona domenica, mi domando cosa avrai nel cuore quando a messa dirai nel padre nostro â€œe rimetti a noi i nostri debiti come noi li rimettiamo ai nostri debitoriâ€ non basta baciare rosari per essere cattolici bisogna mettere la misericordia al centro.pic.twitter.com/7RDFhj5fj6ğŸ“¿;Bacia sul Rosario  e buona domenica, mi domando cosa avrai nel cuore quando a messa dirai nel padre nostro e rimetti a noi i nostri debiti come noi li rimettiamo ai nostri debitoriâ€ non basta baciare rosari per essere cattolici bisogna mettere la misericordia al centro.  ğŸ“¿;;1;2
1142747813215952898;Elianoâ€;@_DaNelu2ti;In risposta a @matteosalvinimi;2019-06-23 12:54:44;"Non arrenderti. Rischieresti di farlo unâ€™ora prima del miracolo.
(Proverbio arabo)ğŸ™ƒ";"Non arrenderti. Rischieresti di farlo unâ€™ora prima del miracolo.
(Proverbio arabo)ğŸ™ƒ";;1;2
1142743672896851969;Enricoâ€;@chiccoligtning;In risposta a @matteosalvinimi;2019-06-23 12:38:17;NON MOLLAREâ€¼ï¸;NON MOLLAREâ€¼ï¸;;;4
1142743503715340288;Mussalvini il Bufalaroâ€;@pincopallino197;In risposta a @matteosalvinimi;2019-06-23 12:37:37;"Se pensa di ingannare la gente..e una sua illusione. 
L'informato non ci casca";"Se pensa di ingannare la gente..e una sua illusione. 
L'informato non ci casca";;;5
1142742506435678208;Berlinoâ€;@sam_samuele;In risposta a @matteosalvinimi;2019-06-23 12:33:39;Esticazzi Morisi?;Esticazzi Morisi?;;;5
1142806844504776704;Elenaâ€;@Elena81353537;In risposta a @matteosalvinimi;2019-06-23 16:49:18;Io credo Sig Ministro, che prima di intraprendere qls azione di blocco dei porti, dovrebbe fissare nella sua mente l'immagine di questo bambino, che nn era venuto in Italia per la pacchia, forse fuggiva da situazioni disumane..eppure anche lei Ã¨ padre, dovrebbe avere misericordiapic.twitter.com/AtXb3BKWUj;Io credo Sig Ministro, che prima di intraprendere qls azione di blocco dei porti, dovrebbe fissare nella sua mente l'immagine di questo bambino, che nn era venuto in Italia per la pacchia, forse fuggiva da situazioni  anche lei Ã¨ padre, dovrebbe avere misericordia  ;1;;4
1142751554954563584;alix de guerreâ€;@alix_guerre;In risposta a @matteosalvinimi;2019-06-23 13:09:36;Collega di quale Ministero?;Collega di quale Ministero?;1;;3
1142755327898767360;Francesco Lo Giudiceâ€;@lgfmefrance;In risposta a @alix_guerre e @matteosalvinimi;2019-06-23 13:24:36;lui li gestisce tuttiğŸ˜‚ ğŸ˜‚ ğŸ˜‚ ğŸ˜‚;lui li gestisce tuttiğŸ˜‚ ğŸ˜‚ ğŸ˜‚ ğŸ˜‚;;;1
1142749966005415939;Gabriella Â ğŸ‡®ğŸ‡¹â€;@aspettaaspetta;In risposta a @matteosalvinimi;2019-06-23 13:03:17;Incredulo? Non ha ancora capito che se ne fregano?;Incredulo? Non ha ancora capito che se ne fregano?;1;;2
1142763520569876481;Kadreg1 Â ğŸ‡®ğŸ‡¹â€;@kadreg1;In risposta a @aspettaaspetta e @matteosalvinimi;2019-06-23 13:57:09;Purtroppo da noi i coglioni abbondano.;Purtroppo da noi i coglioni abbondano.;;;2
1142746874958548992;Vipsania Agrippinaâ€;@mariannadec_and;In risposta a @matteosalvinimi;2019-06-23 12:51:00;L'Europa ci ride dietro e lei discute di bandiere. Ma pensi piuttosto al benessere del popolo. Lei Ã¨ stato a Parigi, a Berlino, a Londra e sa di cosa si tratta, vero?;L'Europa ci ride dietro e lei discute di bandiere. Ma pensi piuttosto al benessere del popolo. Lei Ã¨ stato a Parigi, a Berlino, a Londra e sa di cosa si tratta, vero?;1;;4
1142758327006453760;Stefanoâ€;@Stefano15691884;In risposta a @mariannadec_and e @matteosalvinimi;2019-06-23 13:36:31;Beh oddio non solo di bandiere,anche di crepes con la Nutella.;Beh oddio non solo di bandiere,anche di crepes con la Nutella.;;;1
1142744255502401536;paoloâ€;@paolomarin28;In risposta a @matteosalvinimi;2019-06-23 12:40:36;tutti europeisti e accoglienti ... quando gli comoda;tutti europeisti e accoglientiquando gli comoda;1;;3
1142747586371248128;GabriFisicoâ€;@Gabriele_fisico;In risposta a @paolomarin28 e @matteosalvinimi;2019-06-23 12:53:50;Si tratta di rispettare i patti, poi si lavora per cambiarli. Ma lavorare Ã¨ verbo sconosciuto al coniglio felpato;Si tratta di rispettare i patti, poi si lavora per cambiarli. Ma lavorare Ã¨ verbo sconosciuto al coniglio felpato;;;1
1142741750802526215;Potrei essere EnnioÂ ğŸ‡®ğŸ‡¹â€;@Giaenzino;In risposta a @matteosalvinimi;2019-06-23 12:30:39;Sono dei furbastri. Attento Ministro.;Sono dei furbastri. Attento Ministro.;1;;1
1142742819188224001;Berlinoâ€;@sam_samuele;In risposta a @Giaenzino e @matteosalvinimi;2019-06-23 12:34:53;Potresti essere ennio, sicuramente sei un coglione bacioniğŸ˜‚ ğŸ˜‚ ğŸ˜˜;Potresti essere ennio, sicuramente sei un coglione bacioniğŸ˜‚ ğŸ˜‚ ğŸ˜˜;3;;1
1142743832540450816;Potrei essere EnnioÂ ğŸ‡®ğŸ‡¹â€;@Giaenzino;In risposta a @sam_samuele e @matteosalvinimi;2019-06-23 12:38:55;Ma vattene affanculo Tu, soros e i comunisti. COGLIONE!;Ma vattene affanculo Tu, soros e i comunisti. COGLIONE!;;;2
1142821682563964933;ArtemioS Mâ€;@ArtemiosMilani;In risposta a @matteosalvinimi;2019-06-23 17:48:16;"LÃ  fuori non ti caga nessuno. Fai un ragionamento serio sulla tua credibilitÃ  all'estero. Magari si recupera qualcosa smettendo di fare pagliacciate.
Lo dico da italiano preoccupato,e da papÃ .";"LÃ  fuori non ti caga nessuno. Fai un ragionamento serio sulla tua credibilitÃ  all'estero. Magari si recupera qualcosa smettendo di fare pagliacciate.
Lo dico da italiano preoccupato,e da papÃ .";;;2
1142809421896179712;Daniele Casini Â â­Â â­Â â­Â â­Â â­Â ğŸ‡®ğŸ‡¹â€;@ELBandito72;In risposta a @matteosalvinimi;2019-06-23 16:59:33;Forse perchÃ© non conti una cippa;Forse perchÃ© non conti una cippa;;1;1
1142782004079091712;Lacerbixâ€;@lacerbix;In risposta a @matteosalvinimi;2019-06-23 15:10:36;Cominciamo a trattenere dai soldi versati alla Ue tutto quello che ci costa lâ€™accoglienza di quanti sono stati sbarcati da navi battenti bandiera di Paesi Ue, tra indifferenza dei loro governi.;Cominciamo a trattenere dai soldi versati alla Ue tutto quello che ci costa lâ€™accoglienza di quanti sono stati sbarcati da navi battenti bandiera di Paesi Ue, tra indifferenza dei loro governi.;1;;4
1142790442037194752;Aneleâ€;@Anelestellata;In risposta a @lacerbix e @matteosalvinimi;2019-06-23 15:44:08;Ehm.... non te lo vorrei dire, ma tutti i soldi destinati allâ€™accoglienza provengono dallâ€™UE.. non di tasca nostra;Ehm.... non te lo vorrei dire, ma tutti i soldi destinati allâ€™accoglienza provengono dallâ€™UE.. non di tasca nostra;1;;
1142832172715450369;Lacerbixâ€;@lacerbix;In risposta a @Anelestellata e @matteosalvinimi;2019-06-23 18:29:57;La barzelletta del secolo...;La barzelletta del secolo...;;;
1142779675774787584;Cristina #facciamoreteâ€;@riservaprotetta;In risposta a @matteosalvinimi;2019-06-23 15:01:21;Non fare il buonista. Sei sempre il solito fascio leghista  #ventitrÃ©06FRğŸª ğŸª ğŸª;Non fare il buonista. Sei sempre il solito fascio leghista  #ventitrÃ©06FRğŸª ğŸª ğŸª;;;3
1142775717668753408;Angelo Pedinottiâ€;@APedinotti;In risposta a @matteosalvinimi;2019-06-23 14:45:37;"""Galleggia in mezzo al mare"" per colpa di un ministro degli interni che preferisce postare tweet su cagnolini e gattini. Vergognati.";"""Galleggia in mezzo al mare"" per colpa di un ministro degli interni che preferisce postare tweet su cagnolini e gattini. Vergognati.";;;4
1142769564377387009;ğŸ‡®ğŸ‡¹ zeneize22 Â ğŸ‡®ğŸ‡¹â€;@zeneize22;In risposta a @matteosalvinimi;2019-06-23 14:21:10;Avanti cosÃ¬!!! Tolleranza zero con scafisti e con chi attenta alla nostra democrazia con invasione di delinquenti!! Grazie Ministro!!!;Avanti cosÃ¬!!! Tolleranza zero con scafisti e con chi attenta alla nostra democrazia con invasione di delinquenti!! Grazie Ministro!!!;;;2
1142760706460323841;Giovanni #facciamorete #FBPE Â ğŸ‡ªğŸ‡ºÂ ğŸ‡§ğŸ‡ªÂ ğŸ‡«ğŸ‡·Â ğŸ‡®ğŸ‡¹â€;@Giovann06668179;In risposta a @matteosalvinimi;2019-06-23 13:45:58;"Undici gg per colpa tua
Assassino";"Undici gg per colpa tua
Assassino";;;2
1142750747693604864;Antoniacolanzi50@Gmail.comâ€;@Antoniacolanzi1;In risposta a @matteosalvinimi;2019-06-23 13:06:24;Ma tu lo sai benissimo che devono entrare in ITALIA,stai facendo,ricadere,su gli altri i tuo fallimento,per ibbabolare,Ã¨ incantare,gli stupidi,che ti votono,stupidi,perchÃ© non raggionano,con la loro testa.tanto anche loro prenderanno una tranvata,in faccia.;Ma tu lo sai benissimo che devono entrare in ITALIA,stai facendo,ricadere,su gli altri i tuo fallimento,per ibbabolare,Ã¨ incantare,gli stupidi,che ti votono,stupidi,perchÃ© non raggionano,con la loro  anche loro prenderanno una tranvata,in faccia.;;;2
1142750553916805120;Dentrorossoâ€;@dentrorosso;In risposta a @matteosalvinimi;2019-06-23 13:05:37;Paraculo!!;Paraculo!!;1;;3
1142769753418862592;ğŸ‡®ğŸ‡¹ zeneize22 Â ğŸ‡®ğŸ‡¹â€;@zeneize22;In risposta a @dentrorosso e @matteosalvinimi;2019-06-23 14:21:55;Ha ragione da vendere il Ministro!!!;Ha ragione da vendere il Ministro!!!;1;;1
1142773330250014720;Dentrorossoâ€;@dentrorosso;In risposta a @zeneize22 e @matteosalvinimi;2019-06-23 14:36:08;Confermo e amplifico: PARACULO!!;Confermo e amplifico: PARACULO!!;;;
1142747023499759621;Alessandro Doglianiâ€;@alexmessomalexx;In risposta a @matteosalvinimi;2019-06-23 12:51:36;"CioÃ¨ mattÃ¨ famme capÃ¬ non sono studiato proprio come te: non porti mai il culo in Europa e quando ti fa comodo chiedi il loro intervento?
Come si chiama? A si ""avere la faccia come il culo""
Quando la smetterete di credere alle fesserie di questo qui";"CioÃ¨ mattÃ¨ famme capÃ¬ non sono studiato proprio come te: non porti mai il culo in Europa e quando ti fa comodo chiedi il loro intervento?
Come si chiama? A si ""avere la faccia come il culo""
Quando la smetterete di credere alle fesserie di questo qui";;;3
1142743755461734403;Christianâ€;@Catholic76;In risposta a @matteosalvinimi e @GabyHyatt;2019-06-23 12:38:37;The finest politician in Europe. Bravo.ğŸ‘;The finest politician in Europe. Bravo.ğŸ‘;;1;1
1142743246797496320;geaâ€;@GermanaGea;In risposta a @matteosalvinimi;2019-06-23 12:36:35;Lâ€™hai mai visto in faccia il ministro olandese? Ah, Ã¨ vero: alle riunioni in Europa preferisci la sagra della salsiccia;Lâ€™hai mai visto in faccia il ministro olandese? Ah, Ã¨ vero: alle riunioni in Europa preferisci la sagra della salsiccia;;;3
1142742319172653056;Pseudoâ€;@AlbertPincherle;In risposta a @matteosalvinimi;2019-06-23 12:32:54;Trovato il post della domenica che ti permette di essere visibile anche se te stai spaparanzato a fare i cazzi tuoi.;Trovato il post della domenica che ti permette di essere visibile anche se te stai spaparanzato a fare i cazzi tuoi.;;;4
1142742290718502912;DAN Â ğŸ“â€;@DreaSback;In risposta a @matteosalvinimi;2019-06-23 12:32:47;Ãˆ risaputo che gli #olandesi facciano cagare sotto vari aspetti.;Ãˆ risaputo che gli #olandesi facciano cagare sotto vari aspetti.;;;3
1142794745112092673;Gianni FriendsysCoâ€;@friendsysco;In risposta a @matteosalvinimi;2019-06-23 16:01:13;I veri fascisti sono gli italiani, che sono stati educati fascisti dai loro genitori. Questi sono quelli che ora addestrano i propri figli fascisti. Ecco perchÃ© ti piace Salvini, il fascista, nel governo. Avanti Seawatch!  #SeaWatch #salvini #Fascista #razzistağŸ‘ ğŸ‘ ğŸ˜‚ ğŸ‡®ğŸ‡¹;I veri fascisti sono gli italiani, che sono stati educati fascisti dai loro genitori. Questi sono quelli che ora addestrano i propri figli fascisti. Ecco perchÃ© ti piace Salvini, il fascista, nel governo. Avanti Seawatch!  #SeaWatch #salvini #Fascista #razzistağŸ‘ ğŸ‘ ğŸ˜‚ ğŸ‡®ğŸ‡¹;3;;3
1142773302823391233;Alfredoâ€;@Tecnetio;In risposta a @matteosalvinimi;2019-06-23 14:36:01;Anzi, anzichÃ© affondarla, riciclare il metallo e costruire posate da distribuire a tutti gli ItalianiğŸ¤£;Anzi, anzichÃ© affondarla, riciclare il metallo e costruire posate da distribuire a tutti gli ItalianiğŸ¤£;1;;2
1142780013344886784;Cristina #facciamoreteâ€;@riservaprotetta;In risposta a @Tecnetio e @matteosalvinimi;2019-06-23 15:02:41;Come i nazisti con i capelli degli ebrei...non vi fate schifo?;Come i nazisti con i capelli degli  vi fate schifo?;;;1
1142772686524997632;Luigi Câ€;@ggkro;In risposta a @matteosalvinimi;2019-06-23 14:33:34;Tu piuâ€™che alzare i toni con lâ€™Europa faresti bene ad alzare tonni su una barca. Bacione;Tu piuâ€™che alzare i toni con lâ€™Europa faresti bene ad alzare tonni su una barca. Bacione;1;;6
1142765120155803649;Fire30â€;@piergiuseppe36;In risposta a @matteosalvinimi;2019-06-23 14:03:30;Vaffa..... Germania e Olanda, questa sarebbe lâ€™Unione europea??? Da una parte vogliono che lâ€™Italia risana il debito pubblico dallâ€™altra parte ci vogliono pieni di africani-islamici parassiti fannulloni. Basta con questa Unione Europea cosa serve allâ€™Italia???#italexitpic.twitter.com/ucBd3HLYWw;Vaffa..... Germania e Olanda, questa sarebbe lâ€™Unione europea??? Da una parte vogliono che lâ€™Italia risana il debito pubblico dallâ€™altra parte ci vogliono pieni di africani-islamici parassiti fannulloni. Basta con questa Unione Europea cosa serve allâ€™Italia???#italexit  ;1;;2
1142772558313480192;Alessandroâ€;@Alfa_Phi;In risposta a @piergiuseppe36 e @matteosalvinimi;2019-06-23 14:33:04;Il termine UscIta Ã¨ meglio di italexit, Ã¨ italiano e puÃ² essere letto in due modiğŸ˜‰;Il termine UscIta Ã¨ meglio di italexit, Ã¨ italiano e puÃ² essere letto in due modiğŸ˜‰;;;1
1142759736758194176;dinoâ€;@dino1946;In risposta a @matteosalvinimi;2019-06-23 13:42:07;Gli olandesi sono conosciuti per essere dei pirati. CosÃ¬ si sono arricchiti nei secoli non pensate che siano cambiati, proteggono una loro  nave piratağŸ´â€â˜ ï¸;Gli olandesi sono conosciuti per essere dei pirati. CosÃ¬ si sono arricchiti nei secoli non pensate che siano cambiati, proteggono una loro  nave piratağŸ´â€â˜ ï¸;1;;4
1142746816322162688;Francesco Â ğŸ‡®ğŸ‡¹â€;@SaP011;In risposta a @matteosalvinimi;2019-06-23 12:50:46;"La nave di clandestini la prenda chi ha concesso la bandiera, lâ€™Olanda. 
Basta farci prendere in giro, #ITALEXIT subito.";"La nave di clandestini la prenda chi ha concesso la bandiera, lâ€™Olanda. 
Basta farci prendere in giro, #ITALEXIT subito.";1;1;2
1142746270043398144;Marmarmarâ€;@Monkeysbooze;In risposta a @matteosalvinimi;2019-06-23 12:48:36;Se accadrÃ  qualcosa anche ad una sola persona presente in quella nave, i responsabili dell'accaduto sarete tu e il governo insediatosi in Italia. Pagliaccio infame scarica barile.;Se accadrÃ  qualcosa anche ad una sola persona presente in quella nave, i responsabili dell'accaduto sarete tu e il governo insediatosi in Italia. Pagliaccio infame scarica barile.;3;;2
1142757209618755585;Tizio.8020â€;@8020Tizio;In risposta a @Monkeysbooze e @matteosalvinimi;2019-06-23 13:32:04;MAVAFFANCULO assieme a quei negri.;MAVAFFANCULO assieme a quei negri.;;;1
1142742657141288965;byRSMâ€;@byRSM1;In risposta a @matteosalvinimi;2019-06-23 12:34:15;Incredibile! Rifugiato, omonimo del nostro ministro dell'interno colpisce senza motivo signora di 62 anni.pic.twitter.com/CZXdpq8VQ8;Incredibile! Rifugiato, omonimo del nostro ministro dell'interno colpisce senza motivo signora di 62 anni.  ;3;;1
1142743895157219329;AleSLTâ€;@Aleslt;In risposta a @byRSM1 e @matteosalvinimi;2019-06-23 12:39:10;Da noi i delinquenti, di qualunque colore,  possono permettersi di prenderci tutti quanti per il culo. Di galera ne fanno comunque poco o niente;Da noi i delinquenti, di qualunque colore,  possono permettersi di prenderci tutti quanti per il culo. Di galera ne fanno comunque poco o niente;;;2
1142746470677917696;fabiospesâ€;@fabiospes1;In risposta a @matteosalvinimi;2019-06-23 12:49:24;Eh giÃ  Matteo galleggia la vorresti forse bombardare  ed affondareğŸ’£ â‰ï¸;Eh giÃ  Matteo galleggia la vorresti forse bombardare  ed affondareğŸ’£ â‰ï¸;3;;1
1142757598111907840;NicolÃ² Calzavaraâ€;@NicolCalzavara2;In risposta a @fabiospes1 e @matteosalvinimi;2019-06-23 13:33:37;Magari non con le persone a bordo, ma non sarebbe una brutta idea, meno problemi per tutti e meno polemiche, come giÃ  detto dalla Meloni;Magari non con le persone a bordo, ma non sarebbe una brutta idea, meno problemi per tutti e meno polemiche, come giÃ  detto dalla Meloni;1;;2
1142766094706515969;StÃ  Ceppaâ€;@StCeppa1;In risposta a @NicolCalzavara2 e @fabiospes1;2019-06-23 14:07:23;pic.twitter.com/GRBrSJdovE;  ;1;;
1142766630994423808;fabiospesâ€;@fabiospes1;In risposta a @StCeppa1, @NicolCalzavara2 e @matteosalvinimi;2019-06-23 14:09:31;Ammazza quanto sei brutto aho...â€¼ï¸;Ammazza quanto sei brutto aho...â€¼ï¸;1;;
1142768778478018560;StÃ  Ceppaâ€;@StCeppa1;In risposta a @fabiospes1, @NicolCalzavara2 e @matteosalvinimi;2019-06-23 14:18:03;Ammazza quanto sei COJONE... perchÃ© credi che sono io?? Sei scaltro.... come nÃ  faina....ğŸ˜‚ ğŸ˜‚ ğŸ˜‚;Ammazza quanto sei COJONE... perchÃ© credi che sono io?? Sei scaltro.... come nÃ  faina....ğŸ˜‚ ğŸ˜‚ ğŸ˜‚;1;;
1142769188756480000;fabiospesâ€;@fabiospes1;In risposta a @StCeppa1, @NicolCalzavara2 e @matteosalvinimi;2019-06-23 14:19:40;PerchÃ© sei peggio...â‰ï¸ ğŸ˜‚;PerchÃ© sei peggio...â‰ï¸ ğŸ˜‚;1;;
1142772017621536768;StÃ  Ceppaâ€;@StCeppa1;In risposta a @fabiospes1, @NicolCalzavara2 e @matteosalvinimi;2019-06-23 14:30:55;E certo..... sÃ² troppo piÃº brutto.....pensa quanto sarai bello tu......ğŸ˜‚ ğŸ˜‚ ğŸ˜‚ ğŸ˜‚ ğŸ˜‚ ğŸ˜‚;E certo..... sÃ² troppo piÃº  quanto sarai bello tu......ğŸ˜‚ ğŸ˜‚ ğŸ˜‚ ğŸ˜‚ ğŸ˜‚ ğŸ˜‚;1;;
1142772653868146690;fabiospesâ€;@fabiospes1;In risposta a @StCeppa1 e @NicolCalzavara2;2019-06-23 14:33:27;pic.twitter.com/AG3RlbmcH7;  ;1;;
1142782159775850496;ğŸ‡®ğŸ‡¹MariaÂ ğŸ‡®ğŸ‡¹Â ğŸ˜˜Â ğŸ˜˜Â ğŸ˜˜Â ğŸ’™Â ğŸ’™Â ğŸ’™â€;@Maria53864969;In risposta a @matteosalvinimi;2019-06-23 15:11:13;Cazzi loro forza CapitanoğŸ‘ğŸ»;Cazzi loro forza CapitanoğŸ‘ğŸ»;1;;6
1142806679890870273;Alessandro Bianchiâ€;@alebian79;In risposta a @Maria53864969 e @matteosalvinimi;2019-06-23 16:48:39;Tanto a voi che ve ne frega della vita degli altri. Lâ€™importante Ã¨ lâ€™appartamentino, il lavoro e la messa domenicale;Tanto a voi che ve ne frega della vita degli altri. Lâ€™importante Ã¨ lâ€™appartamentino, il lavoro e la messa domenicale;1;;
1142817337013395456;ğŸ‡®ğŸ‡¹MariaÂ ğŸ‡®ğŸ‡¹Â ğŸ˜˜Â ğŸ˜˜Â ğŸ˜˜Â ğŸ’™Â ğŸ’™Â ğŸ’™â€;@Maria53864969;In risposta a @alebian79 e @matteosalvinimi;2019-06-23 17:31:00;In Italia si entra regolari e per bene non spazzatura.....;In Italia si entra regolari e per bene non spazzatura.....;;;
1142821340854063105;Alberto Letiziaâ€;@AlbertoLetizia2;In risposta a @matteosalvinimi;2019-06-23 17:46:54;Quello incredulo Ã¨ il ministro olandese che si ritrova un collega simile;Quello incredulo Ã¨ il ministro olandese che si ritrova un collega simile;1;;2
1142777695870312450;Daniela Marca Â ğŸ‡®ğŸ‡¹â€;@Kettelodicoaffa;In risposta a @matteosalvinimi;2019-06-23 14:53:29;Guardi che lo abbiamo capito tutti, lei compreso, che in ue vogliono gli immigrati ma tutti in Italia. Piantiamola con queste sceneggiate, proteggiamo i nostri porti che sono stati SEMPRE APERTI, chiudiamoli definitivamente DAVVERO insieme alle frontiere. Basta questo.;Guardi che lo abbiamo capito tutti, lei compreso, che in ue vogliono gli immigrati ma tutti in Italia. Piantiamola con queste sceneggiate, proteggiamo i nostri porti che sono stati SEMPRE APERTI, chiudiamoli definitivamente DAVVERO insieme alle frontiere. Basta questo.;1;;2
1142743338946387975;Del Boyâ€;@MatejZZ;In risposta a @matteosalvinimi;2019-06-23 12:36:57;Send them back!;Send them back!;1;;4
1142791204876300289;Angela Bernardiniâ€;@ChiranAngelgela;In risposta a @matteosalvinimi;2019-06-23 15:47:09;Tu galleggi sempre;Tu galleggi sempre;;;1
1142791153017872386;Leonardo Santarsieroâ€;@LeonardoSantars;In risposta a @matteosalvinimi;2019-06-23 15:46:57;La veritÃ  Ã¨ che in Europa non ti calcola piÃ¹ nessuno, sei stato capace di isolare lâ€™Italia e di mettere in imbarazzo gli italiani;La veritÃ  Ã¨ che in Europa non ti calcola piÃ¹ nessuno, sei stato capace di isolare lâ€™Italia e di mettere in imbarazzo gli italiani;;;1
1142789176276004864;Alex Flavoursâ€;@AlexFlavours;In risposta a @matteosalvinimi;2019-06-23 15:39:06;"A Sea Watch 3 (ed allâ€™Olanda...) non frega niente della salute di quei poveri disperati, oggetto di sfruttamento per la personale guerra delle ONG contro di te, Capitano.
Non mollare: sequestro immediato della nave a arresto in acque internazionali dellâ€™equipaggio di negrieri!!";"A Sea Watch 3 (ed allâ€™Olanda...) non frega niente della salute di quei poveri disperati, oggetto di sfruttamento per la personale guerra delle ONG contro di te, Capitano.
Non mollare: sequestro immediato della nave a arresto in acque internazionali dellâ€™equipaggio di negrieri!!";;;2
1142787028616171521;Grivellissimoâ€;@grivellissimo;In risposta a @matteosalvinimi;2019-06-23 15:30:34;Intanto il porto piÃ¹ vicino e sicuro Ã¨ a poche miglia e quella povera gente Ã¨ costretta a restare in mare. Ma piantala e fai l'uomo una volta per tutte;Intanto il porto piÃ¹ vicino e sicuro Ã¨ a poche miglia e quella povera gente Ã¨ costretta a restare in mare. Ma piantala e fai l'uomo una volta per tutte;;;1
1142761078407016448;Insolente Maraschinoâ€;@dominic_eleven;In risposta a @matteosalvinimi;2019-06-23 13:47:27;Ãˆ normale che fuori dallâ€™Italia non ti considera nessuno,anzi ti conoscono come fancazzista h24.Capitan buffone!;Ãˆ normale che fuori dallâ€™Italia non ti considera nessuno,anzi ti conoscono come fancazzista h24.Capitan buffone!;;;
1142759945097699334;Fabioâ€;@Fabio36817730;In risposta a @matteosalvinimi;2019-06-23 13:42:57;tanto Ã¨ solo questione di tempo poi la nave entrerÃ  in un porto italiano e farÃ  scendere la gente come accaduto in passato e come accadrÃ  in futuro.;tanto Ã¨ solo questione di tempo poi la nave entrerÃ  in un porto italiano e farÃ  scendere la gente come accaduto in passato e come accadrÃ  in futuro.;;;2
1142752994032783360;giuseppeâ€;@giusepp72129886;In risposta a @matteosalvinimi;2019-06-23 13:15:19;Siete tutti responsabili e dato che le piace il grandissimo Faber le ricordo che â€œanche se voi vi credete assolti siete per sempre coinvolti â€œ;Siete tutti responsabili e dato che le piace il grandissimo Faber le ricordo che anche se voi vi credete assolti siete per sempre coinvolti ;;;
1142751205057277956;Primula Rossaâ€;@Primula23244790;In risposta a @matteosalvinimi;2019-06-23 13:08:13;Fanno i compari ! Sono diventati i paradisi fiscali per fregarci ! Bastardi ! E poi L Europa pensa alla giustizia e al benessere di ogni stato? Ma quando mai ! Bugiardi !;Fanno i compari ! Sono diventati i paradisi fiscali per fregarci ! Bastardi ! E poi L Europa pensa alla giustizia e al benessere di ogni stato? Ma quando mai ! Bugiardi !;;;2
1142744546742296576;Menestrello Idiotaâ€;@IdiotMinstrel;In risposta a @matteosalvinimi;2019-06-23 12:41:45;"Se invece di andare dalla D'Urso andavi alla riunione dei ministri degli interni, forse qualcosa riuscivi a risolvere e ad ottenere...

Ma visto che lavorare per te Ã¨ un optional, continueremo a perdere sempre piÃ¹ credibilitÃ  e rimarremo soli...";"Se invece di andare dalla D'Urso andavi alla riunione dei ministri degli interni, forse qualcosa riuscivi a risolvere e ad ottenere...

Ma visto che lavorare per te Ã¨ un optional, continueremo a perdere sempre piÃ¹ credibilitÃ  e rimarremo soli...";;;2
1142741947142103041;Anna Milanoâ€;@dolcecinica;In risposta a @matteosalvinimi;2019-06-23 12:31:25;"PiÃ¹ decisi che mai e pugno di ferro senza indietreggiare di un solo passo; l'italia non deve piÃ¹ chinare la testa davanti alla mafia Europea. #stopimmigrazione #portichiusi #LITALIADICEBASTA";"PiÃ¹ decisi che mai e pugno di ferro senza indietreggiare di un solo passo; l'italia non deve piÃ¹ chinare la testa davanti alla mafia Europea. #stopimmigrazione #portichiusi #LITALIADICEBASTA";;;2
1142744097515548673;simoneâ€;@simonefloris7;In risposta a @matteosalvinimi;2019-06-23 12:39:58;Nave ONG Ã¨ privata. Ã© inutile fare polemica su cose che non esistono.;Nave ONG Ã¨ privata. Ã© inutile fare polemica su cose che non esistono.;1;;1
1142758449467592704;Fabri New Profile Ex Fibraâ€;@Fabri76763113;In risposta a @simonefloris7 e @matteosalvinimi;2019-06-23 13:37:00;Cosa centra se Ã¨ privata.??;Cosa centra se Ã¨ privata.??;2;;
1142767137565618176;simoneâ€;@simonefloris7;In risposta a @Fabri76763113 e @matteosalvinimi;2019-06-23 14:11:31;Il punto Ã¨ che una nave ONG, Ã¨ privata cioÃ¨ pagata con soldi privati da privati. Lo Stato della bandiera in tutto questo non c'entra se non nel dare l'autorizzazione alla ONG a svolgere il suo compito (qualsiasi esso sia) secondo l'ordinamento dello Stato della bandiera.;Il punto Ã¨ che una nave ONG, Ã¨ privata cioÃ¨ pagata con soldi privati da privati. Lo Stato della bandiera in tutto questo non c'entra se non nel dare l'autorizzazione alla ONG a svolgere il suo compito (qualsiasi esso sia) secondo l'ordinamento dello Stato della bandiera.;;;1
1142826133039321089;Fabio Sanfilippoâ€;@fasanfilippo;In risposta a @matteosalvinimi;2019-06-23 18:05:57;E che t'ha risposto?;E che t'ha risposto?;1;;1
1142763974175277057;Rosarioâ€;@Rosario99248986;In risposta a @matteosalvinimi;2019-06-23 13:58:57;"Il migrante sbarcato perchÃ© stava male andrebbe curato, rifocillato e riportato a bordo; altrimenti, a poco a poco, sbarcheranno tutti. Come sempre..";"Il migrante sbarcato perchÃ© stava male andrebbe curato, rifocillato e riportato a bordo; altrimenti, a poco a poco, sbarcheranno tutti. Come sempre..";1;;2
1142750680047898625;Edoardo Pisani #facciamoreteâ€;@EdoPiso;In risposta a @matteosalvinimi;2019-06-23 13:06:08;La bandiera di una nave serve quando fa comodo ... A Porto Cervo ce ne sono a decine di navi con bandiere di altre nazioni;La bandiera di una nave serve quando fa comodoA Porto Cervo ce ne sono a decine di navi con bandiere di altre nazioni;1;;2
1142742855007592448;Francescoâ€;@FRANCESCOCESCH1;In risposta a @matteosalvinimi;2019-06-23 12:35:02;Non mollare proprio adesso..;Non mollare proprio adesso..;1;;2
1142832134194913281;Domenicoâ€;@Domenic72895537;In risposta a @matteosalvinimi;2019-06-23 18:29:48;"Hai ragione a pieno matre...e aggiungo un video report a Napoli a 200m da open arms i spacciato ricafricani...basta...
https://m.facebook.com/story.php?story_fbid=2702861443061385&id=100000126667244Â â€¦ğŸ¤” ğŸ¤” ğŸ¤” ğŸ¤” ğŸ¤” ğŸ¤” ğŸ¤”";"Hai ragione a pieno matre...e aggiungo un video report a Napoli a 200m da open arms i spacciato 
Â ğŸ¤” ğŸ¤” ğŸ¤” ğŸ¤” ğŸ¤” ğŸ¤” ğŸ¤”";;;1
1142799189329534976;Stefano NoTavâ€;@Stefano47510568;In risposta a @matteosalvinimi;2019-06-23 16:18:53;Sei un Flop #FlopMigrantiSalvini;Sei un Flop #FlopMigrantiSalvini;;;1
1142794778133716994;NamastÃ¨  Â ğŸ™  à¤¨à¤®à¤¸à¥à¤¤à¥‡â€;@Namastefa;In risposta a @matteosalvinimi;2019-06-23 16:01:21;Che aspettate ad arrestare tutti i neri e musulmani a spasso per il paese?https://www.liberoquotidiano.it/news/italia/13476168/immigrazione-generale-vincenzo-santo-campi-detenzione-clandestini.htmlÂ â€¦;Che aspettate ad arrestare tutti i neri e musulmani a spasso per il paese?Â ;;;1
1142779751054094336;Ah OKâ€;@metapapero;In risposta a @matteosalvinimi;2019-06-23 15:01:39;Ma la lettera lâ€™hai passata a un buon revisore di bozze prima di inviarla?;Ma la lettera lâ€™hai passata a un buon revisore di bozze prima di inviarla?;;;1
1142775904642506754;wonderful camelliaâ€;@Roro78632903;In risposta a @matteosalvinimi;2019-06-23 14:46:22;"Sono dei codardi distanti dalla realtÃ !! Speriamo invadano in maniera consistente le loro coste!!
Codardi!!";"Sono dei codardi distanti dalla realtÃ !! Speriamo invadano in maniera consistente le loro coste!!
Codardi!!";;;1
1142769323485945856;Marmarmarâ€;@Monkeysbooze;In risposta a @matteosalvinimi;2019-06-23 14:20:13;pic.twitter.com/aCoZfNEHTF;  ;;;1
1142768373937397760;Federicoâ€;@frederich1961;In risposta a @matteosalvinimi;2019-06-23 14:16:26;BLOCCO NAVALE;BLOCCO NAVALE;;;1
1142766478351052802;Pietroâ€;@Pietro56812333;In risposta a @matteosalvinimi;2019-06-23 14:08:54;Hai scritto? Se hai le palle si parla e non ci si nasconde dietro una lettera , mail. Ma il Truce Ã¨ un leone da tweet.;Hai scritto? Se hai le palle si parla e non ci si nasconde dietro una lettera , mail. Ma il Truce Ã¨ un leone da tweet.;;;1
1142766450945482752;Lucia Tognettiâ€;@LuciaTognetti2;In risposta a @matteosalvinimi;2019-06-23 14:08:48;Via dall'Italia;Via dall'Italia;;;1
1142765497852801025;Stefano L. Â ğŸ–¤Â ğŸ‡®ğŸ‡¹â€;@stelandis;In risposta a @matteosalvinimi;2019-06-23 14:05:00;Matteo, digli che se continuano a minacciarci, la dovremo considerare un atto di guerra, al quale risponderemo con atti di guerra.;Matteo, digli che se continuano a minacciarci, la dovremo considerare un atto di guerra, al quale risponderemo con atti di guerra.;;;1
1142764819952676871;G_A_Vâ€;@G_A_V_76;In risposta a @matteosalvinimi;2019-06-23 14:02:19;Mi pare cosa semplicemente sensata!!!;Mi pare cosa semplicemente sensata!!!;;;1
1142764800570798080;Yung Polâ€;@YungPol2;In risposta a @matteosalvinimi;2019-06-23 14:02:14;L'hanno capito anche loro che non Ã¨ un vero problema sta nave;L'hanno capito anche loro che non Ã¨ un vero problema sta nave;;;1
1142761557635547136;Andrewâ€;@Andreacave75;In risposta a @matteosalvinimi;2019-06-23 13:49:21;MattÃ©, la prossima volta invece di scrivergli perchÃ© non ti presenti al summit immigrazione ministri degli Interni UE?;MattÃ©, la prossima volta invece di scrivergli perchÃ© non ti presenti al summit immigrazione ministri degli Interni UE?;;;1
1142758012848877568;Maria Grazia Palaminiâ€;@PalaminiGrazia;In risposta a @matteosalvinimi;2019-06-23 13:35:16;Fanno apposta!;Fanno apposta!;;;1
1142757285934129152;Alessandro Noliâ€;@ALESSANDRONOLI;In risposta a @matteosalvinimi e @scenarieconomic;2019-06-23 13:32:23;Questo Ã¨ il trionfo, il tripudio di un nuovo metodo comunicativo abbindolare gli italiani cosi come faceva Berlusconi. Venditori di fumo super specializzati;Questo Ã¨ il trionfo, il tripudio di un nuovo metodo comunicativo abbindolare gli italiani cosi come faceva Berlusconi. Venditori di fumo super specializzati;1;2;
1142758521274060800;SUSY IORIâ€;@IoriSusy;In risposta a @ALESSANDRONOLI, @matteosalvinimi e @scenarieconomic;2019-06-23 13:37:17;E tu noli sei venditore di merda che butti in faccia agli italiani onesti.;E tu noli sei venditore di merda che butti in faccia agli italiani onesti.;1;;
1142826558064857088;Alessandro Noliâ€;@ALESSANDRONOLI;In risposta a @IoriSusy, @matteosalvinimi e @scenarieconomic;2019-06-23 18:07:38;Esprimo una mia opinone da cittadino libero, sono sempre piÃ¹ convinto che attorno al leader del post berlusconismo ultra-conservatore si muovono, spalleggiandolo haters che odiano che altri possano non pensarla come lui e insultano chiunque esprima una opinione di dissenso.;Esprimo una mia opinone da cittadino libero, sono sempre piÃ¹ convinto che attorno al leader del post berlusconismo ultra-conservatore si muovono, spalleggiandolo haters che odiano che altri possano non pensarla come lui e insultano chiunque esprima una opinione di dissenso.;;;
1142753996777644034;nojovolevonsavuarâ€;@giggigrobo;In risposta a @matteosalvinimi;2019-06-23 13:19:18;Ah perchÃ© noi guarda un interesse;Ah perchÃ© noi guarda un interesse;;;1
1142749696567459840;ğŸ’¯ Sovranista & Populistaâ€;@italexitforever;In risposta a @matteosalvinimi;2019-06-23 13:02:13;Affondatele tutte !;Affondatele tutte !;;;1
1142748650457718784;Massimilianoâ€;@MassimilianRic;In risposta a @matteosalvinimi;2019-06-23 12:58:04;Non penso sia una politica lungimirante, quella del Governo, ma cedere un'altra volta, sarebbe estremamente sbagliato per tante ragioni, non buone ragioni, ma ragioni di Stato.;Non penso sia una politica lungimirante, quella del Governo, ma cedere un'altra volta, sarebbe estremamente sbagliato per tante ragioni, non buone ragioni, ma ragioni di Stato.;;;1
1142747868035526657;Fabrizioâ€;@Fabrizi57385353;In risposta a @matteosalvinimi;2019-06-23 12:54:57;Se ne fregiano, l' Olanda e' lontana, questa e' la solidarietÃ  e umanitÃ  della UE, non c' e e non si vuole nessuna unita , quindi di che parliamo, facciamoci i cazzi nostri pure noi;Se ne fregiano, l' Olanda e' lontana, questa e' la solidarietÃ  e umanitÃ  della UE, non c' e e non si vuole nessuna unita , quindi di che parliamo, facciamoci i cazzi nostri pure noi;;;1
1142747407857397760;Salvatoreâ€;@Salvo56803571;In risposta a @matteosalvinimi;2019-06-23 12:53:07;Tranquillo che ora entra in Italia con i porti chiusiğŸ˜‚ ğŸ˜‚;Tranquillo che ora entra in Italia con i porti chiusiğŸ˜‚ ğŸ˜‚;;;1
1142746493696335873;EllePozâ€;@ColtoCircuito;In risposta a @matteosalvinimi;2019-06-23 12:49:29;Che cattivoni eh? Meno male che noi abbiamo te e le tue manine pulite, Ponzio.;Che cattivoni eh? Meno male che noi abbiamo te e le tue manine pulite, Ponzio.;;;1
1142743571080126464;PDioti con Salviniâ€;@pdioti;In risposta a @matteosalvinimi;2019-06-23 12:37:53;Hai imparato a scrivere?;Hai imparato a scrivere?;;;1
1142743342012411905;Giuseppe De Vincenzoâ€;@GiusMax;In risposta a @matteosalvinimi;2019-06-23 12:36:58;Questo Ã¨ il suo lavoro. Questo Ã¨ un problema che lei deve risolvere e non scrivendo tweet ma con i fatti.;Questo Ã¨ il suo lavoro. Questo Ã¨ un problema che lei deve risolvere e non scrivendo tweet ma con i fatti.;;;1
1142742929838149637;dino19â€;@dino196311;In risposta a @matteosalvinimi;2019-06-23 12:35:20;gli olandesi sono razziste io vivo vicino olanda davanti fanno una cosa di dietro devi stare attento;gli olandesi sono razziste io vivo vicino olanda davanti fanno una cosa di dietro devi stare attento;;;1
1142742499712274432;paolo politiâ€;@paolopoliti1;In risposta a @matteosalvinimi;2019-06-23 12:33:37;La risposta Ã¨ molto semplice - mi rammarica che tu non c arrivi - al Tuo collega olandese non gliene frega nulla di scambiare opinioni con Te o sostenerti - Ã¨ talmente logici che anche un bambino lo capirebbe- MENO PAROLE MENO CAZZATE PIÃ™ FATTI CARO SALVINI.;La risposta Ã¨ molto semplice - mi rammarica che tu non c arrivi - al Tuo collega olandese non gliene frega nulla di scambiare opinioni con Te o sostenerti - Ã¨ talmente logici che anche un bambino lo capirebbe- MENO PAROLE MENO CAZZATE PIÃ™ FATTI CARO SALVINI.;;;1
1142741880364503042;Nunzioâ€;@Nunzio84678124;In risposta a @matteosalvinimi;2019-06-23 12:31:10;Oh mamma Ma ti sei fissato e basta Ma dove sei dove te la stai godendo questa bella giornata in piscina o con qualche bella p******;Oh mamma Ma ti sei fissato e basta Ma dove sei dove te la stai godendo questa bella giornata in piscina o con qualche bella p******;;;1
1142780154416177152;ğŸ‡®ğŸ‡¹NO IslamÂ ğŸ‡®ğŸ‡¹- IÂ â¤ï¸Legaâ€;@bepidevivo;In risposta a @matteosalvinimi;2019-06-23 15:03:15;Ministro, facciamo entrare la nave nelle acque italiane, spediamo via i clandestini, mettiamo la Lunardi e soci in galera e affondiamo la naveğŸ¤ ;Ministro, facciamo entrare la nave nelle acque italiane, spediamo via i clandestini, mettiamo la Lunardi e soci in galera e affondiamo la naveğŸ¤ ;1;;1
1142772735778729985;Alfredoâ€;@Tecnetio;In risposta a @matteosalvinimi;2019-06-23 14:33:46;SVUOTATELA! Tutti i passeggeri rispediteli in Olanda e poi ...AFFONDATELA! Vedrete che se ne accorgeranno tutti!;SVUOTATELA! Tutti i passeggeri rispediteli in Olanda e poi ...AFFONDATELA! Vedrete che se ne accorgeranno tutti!;1;;1
1142762543557095424;GianfrancoChinellatoâ€;@G_Chinellato;In risposta a @matteosalvinimi;2019-06-23 13:53:16;"Far sbarcare solo I #migranti
Poi una bella cannonata  con l'equipaggio dentro . BOOM!!! #SeaWatch #SeaWatch3 queste provocazioni sono irritanti che a potrebbe portare a consegueze risoluitive. Non l'hanno ancora capita che gli #Italiani di #clansestini hanno I coglioni pieni";"Far sbarcare solo I #migranti
Poi una bella cannonata  con l'equipaggio dentroBOOM!!! #SeaWatch #SeaWatch3 queste provocazioni sono irritanti che a potrebbe portare a consegueze risoluitive. Non l'hanno ancora capita che gli #Italiani di #clansestini hanno I coglioni pieni";1;;1
1142761989661499392;Riccardo 1969â€;@BocediRiccardo;In risposta a @matteosalvinimi;2019-06-23 13:51:04;Che cazzoni questi  pseudodemocratici verdi filoeuropei;Che cazzoni questi  pseudodemocratici verdi filoeuropei;1;;1
1142761216689020928;Vinz l'irresponsabileâ€;@theskinflutes;In risposta a @matteosalvinimi;2019-06-23 13:48:00;pensaci tu please @neniambulance;pensaci tu please @neniambulance;1;;
1142761233889804294;Neni the ambulanceâ€;@neniambulance;In risposta a @theskinflutes;2019-06-23 13:48:04;NEEENII NEEENII NEEENII NEEENII NEEENII;NEEENII NEEENII NEEENII NEEENII NEEENII;;;1
1142756023704391685;Luca Arioliâ€;@Luca_Arioli;In risposta a @matteosalvinimi;2019-06-23 13:27:22;La Nave ONG Sea Watch con il suo carico di clandestini, non deve sbarcare in Italia. Salvini non mollare!!!;La Nave ONG Sea Watch con il suo carico di clandestini, non deve sbarcare in Italia. Salvini non mollare!!!;1;;1
1142755082183872512;the bladeâ€;@chefcrazyhotel;In risposta a @matteosalvinimi;2019-06-23 13:23:37;Preoccupati che non arrivi in Italia , diversamente diverti un giullare ai ns occhi;Preoccupati che non arrivi in Italia , diversamente diverti un giullare ai ns occhi;1;;1
1142752220997443584;paolo politiâ€;@paolopoliti1;In risposta a @matteosalvinimi;2019-06-23 13:12:15;Il Paese ora Ã¨ stanco di Salvini: lâ€™odio non basta per raccattare votihttps://www.google.it/amp/s/www.fanpage.it/il-paese-ora-e-stanco-di-salvini-lodio-non-basta-per-raccattare-voti/amp/Â â€¦;Il Paese ora Ã¨ stanco di Salvini: lâ€™odio non basta per raccattare votiÂ ;1;;1
1142837044852514819;Pasquale Aitaâ€;@evivavenezia;In risposta a @matteosalvinimi;2019-06-23 18:49:19;blitzkrieg a questi coglioni, Hitler ha messo sotto sto cazzo di paese in mezza ora, SIEG HEIL!!!;blitzkrieg a questi coglioni, Hitler ha messo sotto sto cazzo di paese in mezza ora, SIEG HEIL!!!;;;
1142836589569236992;enryÂ ğŸ´ó §ó ¢ó ¥ó ®ó §ó ¿â€;@enry9307;In risposta a @matteosalvinimi;2019-06-23 18:47:30;SarÃ¢ uno di loro...;SarÃ¢ uno di loro...;;;
1142835640112951298;Angelormâ€;@angelorm66;In risposta a @matteosalvinimi;2019-06-23 18:43:44;Fregatene crepassero li;Fregatene crepassero li;;;
1142835506855723009;Angelormâ€;@angelorm66;In risposta a @matteosalvinimi;2019-06-23 18:43:12;Bravo se il problema non se lo pongono loro  figuriamoci noi e basta vogliono farli crepare amen;Bravo se il problema non se lo pongono loro  figuriamoci noi e basta vogliono farli crepare amen;;;
1142834994454368256;Andrea Pasquinucciâ€;@Anddbm;In risposta a @matteosalvinimi;2019-06-23 18:41:10;"Incredibile ma vero, Matteo!
Sono bravi soltanto a parole!";"Incredibile ma vero, Matteo!
Sono bravi soltanto a parole!";;;
1142833955667881988;Mariuccia Pedalinoâ€;@mariucciapedal1;In risposta a @matteosalvinimi e @vaniacavi;2019-06-23 18:37:02;Vuol dire che sono ancora sul loro territorio!;Vuol dire che sono ancora sul loro territorio!;;;
1142829743378710529;claudio gardiniâ€;@claudiogardini2;In risposta a @matteosalvinimi;2019-06-23 18:20:18;pic.twitter.com/YhsnJNph8S;  ;;;
1142829303492747265;N.â€;@NicolS91751374;In risposta a @matteosalvinimi;2019-06-23 18:18:33;Sono dei coglioni tutte e due !;Sono dei coglioni tutte e due !;;;
1142828950894325760;Advantixx Â ğŸ–¤Â ğŸ‡®ğŸ‡¹Â ğŸ–¤â€;@omoragno1926;In risposta a @matteosalvinimi;2019-06-23 18:17:09;C ha sprecato pure il tempo a scrivergli.....non mollare adesso per SALVARE L ITALIA DOMANIğŸ‡®ğŸ‡¹;C ha sprecato pure il tempo a  mollare adesso per SALVARE L ITALIA DOMANIğŸ‡®ğŸ‡¹;;;
1142826918800232450;Servus Pecumâ€;@ServusPecum;In risposta a @matteosalvinimi;2019-06-23 18:09:04;@THiddema @hrw @ewaldeng @thierrybaudet;@THiddema @hrw @ewaldeng @thierrybaudet;;;
1142824692144885760;Tiziana Arcidiaconoâ€;@ArciTix;In risposta a @matteosalvinimi;2019-06-23 18:00:13;Il Codice della Navigazione a tuo uso e consumo, CapitÃ²? Te lo ripeto: studia. E comunque #MaQuandoLavori? #FATELISCENDERE #SeaWatch3;Il Codice della Navigazione a tuo uso e consumo, CapitÃ²? Te lo ripeto: studia. E comunque #MaQuandoLavori? #FATELISCENDERE #SeaWatch3;;;
1142821128160915456;Vito #HaveDemocracy Â ğŸ‡ªğŸ‡º Â ğŸ‡®ğŸ‡¹â€;@elivito;In risposta a @matteosalvinimi;2019-06-23 17:46:04;#fateliscenderepic.twitter.com/sSfij9GWZG;#fateliscendere  ;;;
1142820892436762628;Vito #HaveDemocracy Â ğŸ‡ªğŸ‡º Â ğŸ‡®ğŸ‡¹â€;@elivito;In risposta a @matteosalvinimi;2019-06-23 17:45:07;pic.twitter.com/1CEAKFA8ok;  ;;;
1142820361081372672;Gianna Minelloâ€;@minello_gianna;In risposta a @matteosalvinimi;2019-06-23 17:43:01;pic.twitter.com/zyRr2IppB1;  ;;;
1142819757076471810;claudia bionazâ€;@BionazClaudia;In risposta a @matteosalvinimi;2019-06-23 17:40:37;manco sai che il fatto che batta bandiera olandese non vuol dire niente...ğŸ¤¦â€â™€ï¸ ğŸ¤¦â€â™€ï¸ ğŸ¤¦â€â™€ï¸;manco sai che il fatto che batta bandiera olandese non vuol dire niente...ğŸ¤¦â€â™€ï¸ ğŸ¤¦â€â™€ï¸ ğŸ¤¦â€â™€ï¸;;;
1142819709269749763;Robertoâ€;@Roberto37630072;In risposta a @matteosalvinimi;2019-06-23 17:40:25;Io farei  sbarcare  tutti  e poi distruggersi la nave  e cosÃ¬  anche  con  le altre  navi  Ong in futuro;Io farei  sbarcare  tutti  e poi distruggersi la nave  e cosÃ¬  anche  con  le altre  navi  Ong in futuro;;;
1142818892307402753;\m/â‚¬T@@Lâ€;@metaalarbeider;In risposta a @matteosalvinimi;2019-06-23 17:37:11;We in The Netherlands are so proud of you. These fake refugees must he returned to Africa. #asielzoekers #vluchtelingen;We in The Netherlands are so proud of you. These fake refugees must he returned to Africa. #asielzoekers #vluchtelingen;;;
1142818580058296320;Dinoâ€;@Dino27282139;In risposta a @matteosalvinimi;2019-06-23 17:35:56;"Matteo l'UE se ne sempre fottuta dell'Italia anche perchÃ© sino a che non arrivassi tu bastavano strette di mano (e un calcio nel culo al PD) e i nostro PD tornava casa felice e contento di non aver mai concluso un k....
Fai capire alla UE che la solfa Ã¨ cambiata";"Matteo l'UE se ne sempre fottuta dell'Italia anche perchÃ© sino a che non arrivassi tu bastavano strette di mano (e un calcio nel culo al PD) e i nostro PD tornava casa felice e contento di non aver mai concluso un k....
Fai capire alla UE che la solfa Ã¨ cambiata";;;
1142817163209785345;Maria Eusâ€;@EusapiaMaria;In risposta a @matteosalvinimi;2019-06-23 17:30:18;La amata bandierina dell'Europa pronta e vigile sui  bilanci italiani, ora Ã¨ ripiegata nel cassettino chiuso a chiave.ğŸ‡ªğŸ‡º ğŸ¤¥;La amata bandierina dell'Europa pronta e vigile sui  bilanci italiani, ora Ã¨ ripiegata nel cassettino chiuso a chiave.ğŸ‡ªğŸ‡º ğŸ¤¥;;;
1142816603639353345;Laura_Foscarinaâ€;@goodoldmusic2;In risposta a @matteosalvinimi;2019-06-23 17:28:05;Per la legge del mare Ã¨ come se fossero in Olanda.;Per la legge del mare Ã¨ come se fossero in Olanda.;;;
1142816473662074880;io e bastaâ€;@Devid43164770;In risposta a @matteosalvinimi;2019-06-23 17:27:34;Sgombero entro 2 gg oppurepic.twitter.com/IXcDWLrYpd;Sgombero entro 2 gg oppure  ;;;
1142816436856991744;Marcoâ€;@Marco35763312;In risposta a @matteosalvinimi;2019-06-23 17:27:25;Si prendano responsabilitÃ  della cosa o loro o la Germania. l'Italia non Ã© e non deve diventare il campo profughi dell'Europa. Il bel paese non deve essere per loro acquisizione di cibi eccellenti e terra di villeggiatura per le vacanze.;Si prendano responsabilitÃ  della cosa o loro o la Germania. l'Italia non Ã© e non deve diventare il campo profughi dell'Europa. Il bel paese non deve essere per loro acquisizione di cibi eccellenti e terra di villeggiatura per le vacanze.;;;
1142814628180824064;Neutral.....â€;@Eddy39953123;In risposta a @matteosalvinimi;2019-06-23 17:20:14;Caro Matteo se la sea whatc voleva andare in olanda poteva farlo da giorni fa, invece cerca lo scontro quindi fai sbarcare le persone e affonda quella bagnarola;Caro Matteo se la sea whatc voleva andare in olanda poteva farlo da giorni fa, invece cerca lo scontro quindi fai sbarcare le persone e affonda quella bagnarola;;;
1142811796325261314;Nerone Â ğŸ‡®ğŸ‡¹â€;@StefanoPizzelli;In risposta a @matteosalvinimi;2019-06-23 17:08:59;Oramai Ã¨ Chiaro che questa nave Ã¨ politica ... di umanitario non c'Ã¨ proprio niente;Oramai Ã¨ Chiaro che questa nave Ã¨ politicadi umanitario non c'Ã¨ proprio niente;;;
1142811272607670272;austin14000â€;@austin140001;In risposta a @matteosalvinimi;2019-06-23 17:06:54;Lasciali marcire in mare. Ministro guarda come son ridotti in svizzerahttps://www.tio.ch/svizzera/cronaca/1376613/apre-il-fuoco-contro-due-persone-e-si-da-alla-fugaÂ â€¦;Lasciali marcire in mare. Ministro guarda come son ridotti in svizzeraÂ ;;;
1142809691791265794;Valeriaâ€;@ValeriaViarengo;In risposta a @matteosalvinimi;2019-06-23 17:00:37;Applaudiamo?;Applaudiamo?;;;
1142808061192654848;pasquale tandoiâ€;@pasqaletandoi;In risposta a @matteosalvinimi;2019-06-23 16:54:08;"""Capitano"",
Ho la netta sensazione che Lei necessiti di un corso accellerato sul diritto e  sui trattati internazionali sottoscritti dall'Italia.";"""Capitano"",
Ho la netta sensazione che Lei necessiti di un corso accellerato sul diritto e  sui trattati internazionali sottoscritti dall'Italia.";;;
1142806723947913217;Antonellaâ€;@Antonel95894724;In risposta a @matteosalvinimi;2019-06-23 16:48:49;In olandese? O in Inglese? Ha ha ha;In olandese? O in Inglese? Ha ha ha;;;
1142806646672035841;ğŸ‡®ğŸ‡¹ Max Â ğŸ”´Â âš«ï¸â€;@qvantis;In risposta a @matteosalvinimi;2019-06-23 16:48:31;"Ma finalmente!!!! Invece che fare i bulli sui nostri conti, Ã¨ ora che passino dallâ€™ipocrisia allâ€™accoglienza in tema di migrazione. Specie quando si tratta delle navi battenti la loro bandiera!

Ipocriti euroinomani!";"Ma finalmente!!!! Invece che fare i bulli sui nostri conti, Ã¨ ora che passino dallâ€™ipocrisia allâ€™accoglienza in tema di migrazione. Specie quando si tratta delle navi battenti la loro bandiera!

Ipocriti euroinomani!";;;
1142806108752494592;Michelaâ€;@Michela25772769;In risposta a @matteosalvinimi;2019-06-23 16:46:23;Rimandali indietro bastaaaaaa;Rimandali indietro bastaaaaaa;;;
1142805677477441539;Beppe Savaâ€;@SavaBeppe;In risposta a @matteosalvinimi;2019-06-23 16:44:40;Questa Ã¨ una prova di forza tra la nave ed il governo. L'Eu non interverrÃ  perchÃ¨ non gli e ne frega niente vuole che il governo Italiano ceda.Impietosendo, con persone che si sentono male o con pressioni varie.L'importante che il Governo ceda. Questo vogliono;Questa Ã¨ una prova di forza tra la nave ed il governo. L'Eu non interverrÃ  perchÃ¨ non gli e ne frega niente vuole che il governo Italiano ceda.Impietosendo, con persone che si sentono male o con pressioni varie.L'importante che il Governo ceda. Questo vogliono;;;
1142805379484700673;stefania maironeâ€;@StefsMairo;In risposta a @matteosalvinimi;2019-06-23 16:43:29;Incredulo eh!? Buffone;Incredulo eh!? Buffone;;;
1142803647786561537;Federico Cervigniâ€;@Fede_Cervigni;In risposta a @matteosalvinimi;2019-06-23 16:36:36;Ma che c'entra il ministro olandese?? Ãˆ una nave privata mica la marina. E intanto altre centinaia di sbarchi negli ultimi giorni...Salvini non sa piÃ¹ che pesci prendere;Ma che c'entra il ministro olandese?? Ãˆ una nave privata mica la marina. E intanto altre centinaia di sbarchi negli ultimi giorni...Salvini non sa piÃ¹ che pesci prendere;;;
1142802350802964482;Mirellaâ€;@Mirella42114306;In risposta a @matteosalvinimi;2019-06-23 16:31:27;Sono abituati che l'Italia Ã¨  serva e schiava.........quindi se ne fregano.....;Sono abituati che l'Italia Ã¨  serva e  se ne fregano.....;;;
1142801480677806087;eliza carrâ€;@eli_carr;In risposta a @matteosalvinimi;2019-06-23 16:27:59;Olanda muoviti!!!! Dove sei???ğŸ‘ ğŸ‡®ğŸ‡¹ ğŸ‘ ğŸ’ª ğŸ˜„ ğŸ‡®ğŸ‡¹;Olanda muoviti!!!! Dove sei???ğŸ‘ ğŸ‡®ğŸ‡¹ ğŸ‘ ğŸ’ª ğŸ˜„ ğŸ‡®ğŸ‡¹;;;
1142800045030432768;Giovaâ€;@gizzi31;In risposta a @matteosalvinimi;2019-06-23 16:22:17;Ma guarda il caso.....ogni volta che si avviciniamo a qualche elezione ....dal nulla appariscono navi olandesi con migranti .....non vi sembra tutto un po strano ....visto che a Lampedusa sono sbarcati giÃ  500 migranti...e Salvini fa lignorum! !!!!..;Ma guarda il  volta che si avviciniamo a qualche elezione  nulla appariscono navi olandesi con migranti  vi sembra tutto un po strano  che a Lampedusa sono sbarcati giÃ  500 migranti...e Salvini fa lignorum! !!!!..;;;
1142799677361987584;GioLanderâ€;@gioicaro;In risposta a @matteosalvinimi;2019-06-23 16:20:49;Agli olandesi interessano la FCA e Mediaset che portano soldi.;Agli olandesi interessano la FCA e Mediaset che portano soldi.;;;
1142799273588924416;valter cirottoâ€;@valtersardegna;In risposta a @matteosalvinimi;2019-06-23 16:19:13;Ma dicci qualcosa anche su fratus ...pic.twitter.com/kBIJFiN5qf;Ma dicci qualcosa anche su fratus ;;;
1142798920646561797;Gianni Prinâ€;@GianniPrin;In risposta a @matteosalvinimi;2019-06-23 16:17:49;Spero che non gli hai mandato una lettera....! Scusami tanto Matteo, ma non sarebbe meglio telefonare e parlare direttamente con l'interessato?;Spero che non gli hai mandato una lettera....! Scusami tanto Matteo, ma non sarebbe meglio telefonare e parlare direttamente con l'interessato?;;;
1142797911652294657;Giuseppe S. Â ğŸ‡®ğŸ‡¹â€;@micios68;In risposta a @matteosalvinimi;2019-06-23 16:13:48;#SalviniNonMollare;#SalviniNonMollare;;;
1142796831837052931;nog gonâ€;@noggon2;In risposta a @matteosalvinimi;2019-06-23 16:09:31;Sbarcassero nei larghi ed accoglienti porti Olandesi !!!;Sbarcassero nei larghi ed accoglienti porti Olandesi !!!;;;
1142796285394784257;Grazianoâ€;@Grazian97249874;In risposta a @matteosalvinimi;2019-06-23 16:07:21;Non mollare almeno te ci stai provando;Non mollare almeno te ci stai provando;;;
1142795925984817153;cipri?â€;@cipris_dodos;In risposta a @matteosalvinimi;2019-06-23 16:05:55;"caro ""ministro"", la tua linea politica non Ã¨ tanto diversa da quella olandese, quindi vedi di stare zitto";"caro ""ministro"", la tua linea politica non Ã¨ tanto diversa da quella olandese, quindi vedi di stare zitto";;;
1142794796114882561;stenterellobuacenciâ€;@stenterellobua1;In risposta a @matteosalvinimi;2019-06-23 16:01:26;Molto strano;Molto strano;;;
1142793524926132225;Maria Perriconeâ€;@MariaPerricone2;In risposta a @matteosalvinimi;2019-06-23 15:56:23;Sicuramente SALVINi pensano che Sbarcheranno come al solito a Lampedusa....questo loro Silenzio la dice tutta. Non Demordere Non farli Sbarcare;Sicuramente SALVINi pensano che Sbarcheranno come al solito a  loro Silenzio la dice tutta. Non Demordere Non farli Sbarcare;;;
1142791785753849862;silvano avventoâ€;@silvanoavvento;In risposta a @matteosalvinimi;2019-06-23 15:49:28;Fin che galleggiano , non hanno modo di fare altri trasbordi di clandestini....lasciali  GALLEGGIARE.;Fin che galleggiano , non hanno modo di fare altri trasbordi di clandestini....lasciali  GALLEGGIARE.;;;
1142791701473501185;Aneleâ€;@Anelestellata;In risposta a @matteosalvinimi;2019-06-23 15:49:08;Io sono rimasta incredula dalle elezioni per la mole di gente che ti ha votato... a ciascuno i suoi guai;Io sono rimasta incredula dalle elezioni per la mole di gente che ti ha votato... a ciascuno i suoi guai;;;
1142791435307143171;FameCinicaâ€;@CinicaFame;In risposta a @matteosalvinimi;2019-06-23 15:48:04;T'ha risposto poi?;T'ha risposto poi?;;;
1142791357112758272;silvano avventoâ€;@silvanoavvento;In risposta a @matteosalvinimi;2019-06-23 15:47:46;Lasciali GALLEGGIARE.;Lasciali GALLEGGIARE.;;;
1142790113329594369;sentinellaâ€;@Y222345;In risposta a @matteosalvinimi;2019-06-23 15:42:49;I neri hanno pagato per sbarcare in Italia e l' agenzia viaggi non li puÃ² deludere. Business affari e traffico;I neri hanno pagato per sbarcare in Italia e l' agenzia viaggi non li puÃ² deludere. Business affari e traffico;;;
1142789284124139520;Antonio Jorioâ€;@JorioAntonio;In risposta a @matteosalvinimi;2019-06-23 15:39:31;ChissÃ  perchÃ© ci sono cosÃ¬ poche navi sotto il nostro Registro Navale. Lei che dice ?https://www.ilsole24ore.com/art/il-nuovo-registro-navale-aumenta-costi-armatori-pronti-fuggire-all-estero-AEPAumkE?refresh_ce=1Â â€¦;ChissÃ  perchÃ© ci sono cosÃ¬ poche navi sotto il nostro Registro Navale. Lei che dice ?Â ;;;
1142789050224533506;Federico Â ğŸ‡®ğŸ‡¹ in Â ğŸ‡ªğŸ‡º #facciamoreteâ€;@federico2mundos;In risposta a @matteosalvinimi;2019-06-23 15:38:36;Le porto una bacinella per lavarsi le mani ?;Le porto una bacinella per lavarsi le mani ?;;;
1142788028521492480;l'esterreFatto quotidianoâ€;@sarcaustici;In risposta a @matteosalvinimi e @scenarieconomic;2019-06-23 15:34:32;"CioÃ¨, a un ministro dell'Interno.

E che ci azzecca con mare e vessilli?";"CioÃ¨, a un ministro dell'Interno.

E che ci azzecca con mare e vessilli?";;;
1142787523426553857;Alfredo100â€;@Alfredo10012;In risposta a @matteosalvinimi;2019-06-23 15:32:32;Ma sai scrivere?;Ma sai scrivere?;;;
1142787273471094784;ã¿ã£ã¡ãƒ¼ã€å…¬å¼ã€‘â€;@sweetsokabe;In risposta a @matteosalvinimi;2019-06-23 15:31:32;é ‘å¼µã‚Œâ˜ºï¸ ğŸŒ¸ ğŸ‘ ğŸ‡¯ğŸ‡µ ğŸ’• ğŸ‡®ğŸ‡¹ ğŸ‘ ğŸ‡®ğŸ‡¹ ğŸ‘ ğŸ‡³ğŸ‡± ğŸ‘ ğŸ‘ ğŸ‘;é ‘å¼µã‚Œâ˜ºï¸ ğŸŒ¸ ğŸ‘ ğŸ‡¯ğŸ‡µ ğŸ’• ğŸ‡®ğŸ‡¹ ğŸ‘ ğŸ‡®ğŸ‡¹ ğŸ‘ ğŸ‡³ğŸ‡± ğŸ‘ ğŸ‘ ğŸ‘;;;
1142786477446897664;robisanniâ€;@robisanni;In risposta a @matteosalvinimi;2019-06-23 15:28:22;"I tuoi colleghi ne hanno discusso il 7 Giugno, ma tu eri a Romano di Lombardia a fare la campagna elettorale per il ballottaggio. 

Ah, quasi dimenticavo: quel ballottaggio lo avete perso.pic.twitter.com/rKgKwb3WW1";"I tuoi colleghi ne hanno discusso il 7 Giugno, ma tu eri a Romano di Lombardia a fare la campagna elettorale per il ballottaggio. 

Ah, quasi dimenticavo: quel ballottaggio lo avete perso.  ";;;
1142785860036911106;Roberto Booâ€;@boo_roberto;In risposta a @matteosalvinimi;2019-06-23 15:25:55;sei considerato un traditore e lo zerbino di putin https://www.facebook.com/GuyVerhofstadt/videos/2217096011886434/UzpfSTEwMDAwMjk0ODE5NDQ4NjoyMjI0NDAxNzkxMDAxNDA2/Â â€¦ğŸ˜‚ ğŸ˜‚ ğŸ˜‚;sei considerato un traditore e lo zerbino di putin Â ğŸ˜‚ ğŸ˜‚ ğŸ˜‚;;;
1142785588011118592;Caterina pipiaâ€;@CaterinaPipia;In risposta a @matteosalvinimi;2019-06-23 15:24:50;"Europa mafiosa!  Lo fanno apposta ! Eventualmente mandare attrezzature ospedaliere e medici a bordo ma non farli assolutamente scendere, farli stare lÃ¬ a vita !!!!
#Salvinipremier #StopinvasioneğŸ‡®ğŸ‡¹ ğŸ‡®ğŸ‡¹";"Europa mafiosa!  Lo fanno apposta ! Eventualmente mandare attrezzature ospedaliere e medici a bordo ma non farli assolutamente scendere, farli stare lÃ¬ a vita !!!!
#Salvinipremier #StopinvasioneğŸ‡®ğŸ‡¹ ğŸ‡®ğŸ‡¹";;;
1142785515860705280;Salvo8012â€;@salvo8012;In risposta a @matteosalvinimi;2019-06-23 15:24:33;Immagino che il tuo collega ti ha fatto una bella pernacchia, perchÃ© noi in europa non contiamo un c..o;Immagino che il tuo collega ti ha fatto una bella pernacchia, perchÃ© noi in europa non contiamo un c..o;;;
1142785328396361728;Salvatore Barattieroâ€;@SBarattiero;In risposta a @matteosalvinimi;2019-06-23 15:23:48;Quindi la dichiarazione di guerra Ã¨ giÃ  stata consegnata?;Quindi la dichiarazione di guerra Ã¨ giÃ  stata consegnata?;;;
1142784257124945920;Roberto Booâ€;@boo_roberto;In risposta a @matteosalvinimi;2019-06-23 15:19:33;ti hanno descritto alla stregua di un barbaro visigottohttps://www.facebook.com/GuyVerhofstadt/videos/2217096011886434/UzpfSTEwMDAwMjk0ODE5NDQ4NjoyMjI0NDAxNzkxMDAxNDA2/Â â€¦;ti hanno descritto alla stregua di un barbaro visigottoÂ ;;;
1142783010967887872;Rossella Hoaraâ€;@RossellaHoara5;In risposta a @matteosalvinimi;2019-06-23 15:14:36;pic.twitter.com/dAMmxR0e9X;  ;;;
1142781297322078210;Lalloâ€;@Lallo24531266;In risposta a @matteosalvinimi;2019-06-23 15:07:47;Deportazioni, olio di ricino e stai a posto cosÃ¬...... Matte', me sa' che te devi rassegna'.;Deportazioni, olio di ricino e stai a posto cosÃ¬...... Matte', me sa' che te devi rassegna'.;;;
