username;date;retweets;favorites;text;geo;mentions;hashtags;id;permalink
CorradoCingo;2015-12-17 15:07;0;0;""Per gli italiani la paura di perdere il lavoro è al primo posto,più di terrorismo,immigrati,criminalità." https://lnkd.in/eG-XfzM";;;;"677505373897547777";https://twitter.com/CorradoCingo/status/677505373897547777
eliadallaglio;2015-12-16 13:27;1;1;"Non ci sono solo motivi economici ma anche di sicurezza per non volete immigrati # clandestini. http://www.immoderati.it/2015/12/15/gli-immigrati-irregolari-delinquono-piu-degli-italiani-dirlo-non-salvini/?utm_campaign=shareaholic&utm_medium=facebook&utm_source=socialnetwork … # criminalità";;;# #;"677117920221274112";https://twitter.com/eliadallaglio/status/677117920221274112
Immoderati;2015-12-16 13:11;2;3;"Un articolo di @ eliadallaglio sulla criminalità degli immigrati. I dati sono allarmanti. http://www.immoderati.it/2015/12/15/gli-immigrati-irregolari-delinquono-piu-degli-italiani-dirlo-non-salvini/?utm_campaign=shareaholic&utm_medium=facebook&utm_source=socialnetwork …";;@;;"677113784188669953";https://twitter.com/Immoderati/status/677113784188669953
facciamocome;2015-12-15 13:46;3;0;"Nei Territori Palestinesi Occupati gli immigrati italiani vengono sterilizzati: per questo lì la criminalità è ai minimi storici.";;;;"676760208375480320";https://twitter.com/facciamocome/status/676760208375480320
cartadiroma;2015-12-15 10:54;2;2;"# notiziediconfine, rapporto # cartadiroma Tra le cattive pratiche più diffuse l'associazione di immigrati a criminalità";;;# #;"676717073117151232";https://twitter.com/cartadiroma/status/676717073117151232
gazzettamodena;2015-12-14 12:01;0;1;"# Criminalità, # quartiere. # immigrati, # corruzione, # controllo di # vicinato: ecco gli argomenti del sondacggio del... http://fb.me/VnBQ0SRL";;;# # # # # #;"676371495690571776";https://twitter.com/gazzettamodena/status/676371495690571776
TRUENUMBERSTW;2015-12-04 11:41;1;0;"Chiara divisione di # reati commessi soprattutto dagli # immigrati e reati tutti nostrani. # criminalità http://www.truenumbers.tv/index.php/off-topic/item/936-cosi-la-droga-produce-carcerati …";;;# # #;"672742413383958528";https://twitter.com/TRUENUMBERSTW/status/672742413383958528
a_porrini;2015-12-03 15:22;0;0;"Mi piacerebbero # Stazioni e luoghi pubblici con meno # Immigrati e più poliziotti. Più # sicurezza e meno # criminalità !";;;# # # #;"672435694330093568";https://twitter.com/a_porrini/status/672435694330093568
facciamocome;2015-11-26 23:40;0;0;"In Cina gli immigrati italiani vengono sterilizzati: per questo lì la criminalità è ai minimi storici.";;;;"670024286602678272";https://twitter.com/facciamocome/status/670024286602678272
DottrinaSociale;2015-11-26 20:19;1;0;"mons. Perego a # DSC15: in Ita 5 mln immigrati da 196 naz, quelli con famiglia hanno tasso criminalità inferiore a italiani: ricongiungimenti";;;#;"669973861664952322";https://twitter.com/DottrinaSociale/status/669973861664952322
facciamocome;2015-11-21 10:38;1;0;"In Georgia gli immigrati italiani vengono sterilizzati: per questo lì la criminalità è ai minimi storici.";;;;"668015579530461184";https://twitter.com/facciamocome/status/668015579530461184
AndCappe;2015-11-21 08:17;8;2;"ACCOGLIERE IMMIGRATI CLANDESTINI CI COSTA TRE VOLTE: 1000 EURO MESE A TESTA,DISAGI SOCIAL, CRIMINALITÀ e DISCRIMINAZIONE DISPERATI ITALIANI";;;;"667980106758029313";https://twitter.com/AndCappe/status/667980106758029313
RobertoRuocco68;2015-11-19 16:02;0;0;"# Immagrazione # Integrazione # criminalità POMIGLIANO D'ARCO – “ Da qualche anno gli immigrati sono la manovalanza... http://fb.me/2jc3wtkm2";;;# # #;"667372323176095745";https://twitter.com/RobertoRuocco68/status/667372323176095745
RobertoRuocco68;2015-11-19 16:01;0;0;"# Immagrazione # Integrazione # criminalità POMIGLIANO D'ARCO – “ Da qualche anno gli immigrati sono la manovalanza... http://fb.me/3GzzrXFZl";;;# # #;"667372136542150656";https://twitter.com/RobertoRuocco68/status/667372136542150656
r_u_f_f_;2015-11-14 00:40;0;0;"@Alexio_ge Certo che c'entra. Integrare in società civile, offrendo una alternativa valida alla criminalità. Per immigrati e italiani.";;@Alexio_ge;;"665328367705661441";https://twitter.com/r_u_f_f_/status/665328367705661441
Acidelius;2015-11-13 17:41;5;3;"Mafia, criminalità, ROM, violenza immigrati. Il contratto di esclusiva allo Stato per difesa del cittadino viene annullato per inadempienza.";;;;"665223081959510016";https://twitter.com/Acidelius/status/665223081959510016
migrantessiena;2015-11-13 15:05;0;0;"Berlusconi: "Fermare gli immigrati o criminalità aumenta" http://fb.me/7M4Tg9qJE";;;;"665183772258738177";https://twitter.com/migrantessiena/status/665183772258738177
Vogliadarianuov;2015-11-13 11:50;1;4;"# Berlusconi:"C'è un legame diretto tra immigrati e criminalità." Infatti # Ruby è l'immigrata e Berlusconi il criminale.";;;# #;"665134641117061121";https://twitter.com/Vogliadarianuov/status/665134641117061121
FrancescoCoccoT;2015-11-13 11:43;12;13;"Berlusconi:"C'è un legame diretto tra immigrati e criminalità". Pensate:a volte finiscono dritti dritti a prostituirsi nei party del premier";;;;"665132992550039552";https://twitter.com/FrancescoCoccoT/status/665132992550039552
RaiPortaaPorta;2015-11-12 18:14;12;6;"# Berlusconi a # portaaporta: fermare gli immigrati o criminalità aumenta";;;# #;"664868892712529920";https://twitter.com/RaiPortaaPorta/status/664868892712529920
regioni_it;2015-11-10 15:49;0;0;"Cantone su gestione illecita immigrati e criminalità organizzata http://dlvr.it/CjB6mt";;;;"664107520043028480";https://twitter.com/regioni_it/status/664107520043028480
frankdunneTVSM;2015-11-08 16:54;0;0;"Ho sentito i discorsi sugli immigrati oggi: siamo responsabili per la criminalità, la fuga dei cervelli ecc. Chiedo scusa all'Italia perbene";;;;"663399165033127936";https://twitter.com/frankdunneTVSM/status/663399165033127936
RobertoFioreFN;2015-11-05 14:29;10;8;"# mafiacapitale Destra Sinistra criminalità e # terradimezzo, dal businnes degli immigrati a grandi appalti, ma il marcio è ancora nei palazzi";;;# #;"662275467475554304";https://twitter.com/RobertoFioreFN/status/662275467475554304
marcoorlandi64;2015-10-30 11:13;0;0;"...IL SENSO COMUNE I dati sulla criminalità degli immigrati in Italia. Nel periodo 2004-2013 le denunce... http://fb.me/495DhvBtP";;;;"660051784900222976";https://twitter.com/marcoorlandi64/status/660051784900222976
intelligonews;2015-10-29 11:57;0;0;"# Immigrati brava gente: delinquono di meno e pagano più tasse http://www.intelligonews.it/a/32330/ # migranti # Italia # lavoro # criminalità # sapevatelo";;;# # # # # #;"659700594278465537";https://twitter.com/intelligonews/status/659700594278465537
zaiapresidente;2015-10-28 20:18;23;25;"Degli # immigrati che sbarcano a migliaia in Italia quasi sempre non sappiamo nulla e perdiamo tracce # criminalità # dallavostraparte";;;# # #;"659464374806028289";https://twitter.com/zaiapresidente/status/659464374806028289
RogerHalsted;2015-10-25 17:48;26;4;"# Germania: con l' # invasione di # immigrati aumento record della criminalità. http://it.sputniknews.com/mondo/20151025/1419629/Germania-problema-migranti-Wendt.html …pic.twitter.com/WzDYkxuD4O";;;# # #;"658339477954367488";https://twitter.com/RogerHalsted/status/658339477954367488
maumau6666;2015-10-19 10:40;0;2;"Gli immigrati vengono da noi per fare una vita migliore? Qui ci sono i cibi scaduti, criminalità folle e 0 lavoro... https://twitter.com/Storace/status/656056607168688128 …";;;;"656057274847334400";https://twitter.com/maumau6666/status/656057274847334400
Acidelius;2015-10-11 22:49;3;0;"In Germania il problema immigrati sta esplodendo. Criminalità e strafottenza extracomunitaria nascosta da anni da polizia e governo.";;;;"653341644327096324";https://twitter.com/Acidelius/status/653341644327096324
ViverePescara;2015-10-04 12:29;0;0;"Criminalità, terrorismo o trivelle? Macché: pescaresi temono la povertà http://www.viverepescara.it/index.php?page=articolo&articolo_id=557075 … # immigrati # profughi # clandestini # rifugiati";;;# # # #;"650648835803508736";https://twitter.com/ViverePescara/status/650648835803508736
ErnestoTaveri;2015-10-03 15:46;0;0;"E ..PER D'ALEMA SERVONO GLI IMMIGRATI X PAGARCI LE PENSIONI ..QUIALCUNO INFORMI CHE SPACCIO ..CRIMINALITA' E... http://fb.me/46W76lhmW";;;;"650336241645420546";https://twitter.com/ErnestoTaveri/status/650336241645420546
EnzoA24;2015-10-01 20:03;0;0;"# festaUnitaGuidonia @ Ettore_Rosato È sbagliato collegamento automatico tra immigrati e criminalità. Non aiuta. Abbiamo bisogno di immigrati";;@;#;"649675997823008770";https://twitter.com/EnzoA24/status/649675997823008770
ellamari53;2015-09-28 22:21;0;0;"@ italygenocide >Gli immigrati devono mangiare e siccome gli italiani non possono fornire lavoro nero,la criminalità offre lavoro sporco.";;@;;"648623654360752129";https://twitter.com/ellamari53/status/648623654360752129
cecilcanta;2015-09-24 10:01;2;1;"Criminalità, corruzione, terrorismo, emergenza immigrati: le preoccupazioni degli italiani # Sicurezza @sicurezza2015pic.twitter.com/3j031UFDof";;@sicurezza2015pic;#;"646987715037253633";https://twitter.com/cecilcanta/status/646987715037253633
estela_mema;2015-09-11 06:20;0;0;"ALBANIA: Il paese degli stereotipi. Criminalità, povertà e immigrati con i gommoni http://wp.me/p6AMxw-3n  via @ wordpressdotcom";;@;;"642221209371963392";https://twitter.com/estela_mema/status/642221209371963392
FrancoBassanini;2015-09-10 08:45;6;5;"La legalizzazione degli immigrati riduce fortemente il tasso di criminalità secondo una recente ricerca scientifica http://repository.essex.ac.uk/12757/1/Mastrobuoni%26Pinotti%282014%29AEJAE.pdf …";;;;"641895361490100224";https://twitter.com/FrancoBassanini/status/641895361490100224
facciamocome;2015-09-08 22:13;2;0;"In Irlanda gli immigrati italiani vengono sterilizzati: per questo lì la criminalità è ai minimi storici.";;;;"641373770356260864";https://twitter.com/facciamocome/status/641373770356260864
mariomaddaloni;2015-09-07 22:19;0;0;"@ RaiPortaaPorta Più immigrati più soldi per la criminalità. Si guagna più con loro che con lo spaccio di droga. Bella roba.";;@;;"641013014230118401";https://twitter.com/mariomaddaloni/status/641013014230118401
BioMedMax;2015-09-07 05:41;2;1;"@ vittoriozucconi Ognuno si prende gli immigrati più adatti alla propria economia. La principale impresa italiana è la criminalità.";;@;;"640761781691023360";https://twitter.com/BioMedMax/status/640761781691023360
claudiochianale;2015-09-05 06:02;0;0;"Criminalità stavolta gli # immigrati non c'entrano nulla e direi che gli italiani sul tema si difendono bene # Napoli http://www.lastampa.it/2015/09/04/italia/cronache/baby-gang-allassalto-del-potere-esecuzione-in-centro-a-napoli-kCRql7k5k7avbcntWnBmZO/pagina.html …";;;# #;"640042357400948736";https://twitter.com/claudiochianale/status/640042357400948736
matteodel79;2015-09-04 15:10;0;0;"# baganzola 30 poliziotti per vigilare 14 # immigrati intanto la criminalità nel paese divaga. Grazie # renzi";;;# # #;"639817919829004288";https://twitter.com/matteodel79/status/639817919829004288
Topgun20001;2015-09-02 13:49;0;0;"Skytg24#immigrati clandestini#le città italiane hanno gravi problemi di tutto criminalità diffusa povertà famiglie e basta immigrati";;;#immigrati #le;"639072740943753216";https://twitter.com/Topgun20001/status/639072740943753216
MariusKalander;2015-09-01 06:25;0;0;"Per chi non l'avesse ancora capito,gli immigrati finiscono o nella criminalità,o a fare gli schiavi o a fare le... http://fb.me/2vUFPcO23";;;;"638598471394705408";https://twitter.com/MariusKalander/status/638598471394705408
m_dazzi;2015-08-31 19:18;2;2;"@ Ettore_Ribaudo @ gasparripdl @ Agenzia_Ansa @ SkyTG24 Governo incapace di gestire immigrazione e criminalita' in aumento causa immigrati";;@ @ @ @;;"638430734852706304";https://twitter.com/m_dazzi/status/638430734852706304
gingerale_1990;2015-08-31 11:24;0;0;"@ LidyaLidya7 3) perché non è europeo, perché "parcheggia" gli immigrati per lunghi periodi, perché non mira all'integrazione. La criminalità";;@;;"638311492237008896";https://twitter.com/gingerale_1990/status/638311492237008896
launellGb;2015-08-31 06:55;0;1;"@ Silvia_amed @ agorarai @ roberto_marcato Esatto. Basta tollerare illegalita', abusivismo, degrado e criminalita' degli immigrati e non.";;@ @ @;;"638243690855706624";https://twitter.com/launellGb/status/638243690855706624
cirobiondi;2015-08-30 17:18;0;0;"Anatolij Kolov ennesima vittima innocente della criminalità'. Non lasciamo sola la sua famiglia # immigrati # castellodicisterna # ucraino";;;# # #;"638038004691529728";https://twitter.com/cirobiondi/status/638038004691529728
hele_fr;2015-08-26 19:01;1;2;"Immigrati, Padoan: "Risolvono problema demografico" http://www.ilgiornale.it/news/politica/immigrati-padoan-risolvono-problema-demografico-1163722.html … aumentano anche la criminalità e distruggono il walfare";;;;"636614479187439616";https://twitter.com/hele_fr/status/636614479187439616
facciamocome;2015-08-23 23:10;2;5;"In Marocco gli immigrati italiani vengono sterilizzati: per questo lì la criminalità è ai minimi storici.";;;;"635589931876937728";https://twitter.com/facciamocome/status/635589931876937728
massimo_limonta;2015-08-23 18:08;6;2;"# Rimini, # Riccione e paesi di lungomare in preda a criminalità e stupri,autori # immigrati .TT gli anni stessa storia. pic.twitter.com/FvwchoNzK4";;;# # #;"635514073673793536";https://twitter.com/massimo_limonta/status/635514073673793536
Vaporteppa;2015-08-22 12:05;0;1;"Puglia. Criminalità. Immigrati. SACRIFICI UMANI. Lunedì un nuovo autore italiano di Vaporteppa. pic.twitter.com/6WVLt8fxnV";;;;"635060137498148864";https://twitter.com/Vaporteppa/status/635060137498148864
perfectman28;2015-08-21 19:16;0;0;"# inondala7 salvini vuole parlare di immigrati ! La criminalità non e importante";;;#;"634806371310039040";https://twitter.com/perfectman28/status/634806371310039040
chefoss;2015-08-20 12:11;0;0;"@ TrezeWill @ RogerHalsted io ho chiesto semplicemente dei dati in cui si dice che la criminalità aumenta con gli immigrati. Ci sono?";;@ @;;"634336918612914176";https://twitter.com/chefoss/status/634336918612914176
RogerHalsted;2015-08-20 11:02;38;31;"Ad aggredire # Brumotti poteva essere chiunque, sta di fatto che senza questi branchi di # immigrati la # criminalità scenderebbe drasticamente";;;# # #;"634319600126136320";https://twitter.com/RogerHalsted/status/634319600126136320
mandrill_one;2015-08-17 15:02;0;0;"@ mazzettam @ furiogubetti Anche in USA, dove ci son + immigrati la criminalità diminuisce! http://tinyurl.com/pqw9h9r";;@ @;;"633292795147644928";https://twitter.com/mandrill_one/status/633292795147644928
_McNella;2015-08-17 12:24;0;0;"Com'è la cosa, la criminalità è più alta in Italia per colpa degli immigrati? Ditelo al povero cristo (immigrato) a cui stavan cercando di";;;;"633253057388744704";https://twitter.com/_McNella/status/633253057388744704
Gino947;2015-08-16 07:02;0;0;"Sergio state dando il colpo di grazia all'Italia. Politica, Vaticano, immigrati e criminalità avete sancito la fine. https://twitter.com/italynewsblog/status/626655171783753729 …";;;;"632809688262922240";https://twitter.com/Gino947/status/632809688262922240
iusEmanagement;2015-08-14 13:01;0;0;"@ Oliverio_MarioG @ AntonioNaddeo 40.000 immigrati a dare una mano? Tanto x sottrarli a inoperosita' e criminalità?";;@ @;;"632175218446991360";https://twitter.com/iusEmanagement/status/632175218446991360
quibresciait;2015-08-14 11:35;0;0;"Criminalità Brescia, rimpatrio forzato per tre immigrati http://fb.me/3s2PWmN2b";;;;"632153458800525312";https://twitter.com/quibresciait/status/632153458800525312
infoiteconomia;2015-08-04 00:16;0;0;"Criminalità e immigrati di nuovo nel mirino della Lega (Vicenzareport) http://bit.ly/1MII7zx";;;;"628358935783866368";https://twitter.com/infoiteconomia/status/628358935783866368
GeosNews_Italia;2015-08-03 17:45;0;0;"Criminalità e immigrati di nuovo nel mirino della Lega ... # renzi # news http://j.mp/1gEQe3h";;;# #;"628260403403829248";https://twitter.com/GeosNews_Italia/status/628260403403829248
vicenzareport;2015-08-03 17:37;0;0;"Criminalità e immigrati di nuovo nel mirino della Lega - http://go.shr.lc/1VXghCV  via @ Shareaholic";;@;;"628258390091935745";https://twitter.com/vicenzareport/status/628258390091935745
antonio11921;2015-08-03 07:12;0;1;"@ secolotrentino @ MarilenaAll la criminalità organizzata ha trovato subito il lavoro agli immigrati";;@ @;;"628101033336655872";https://twitter.com/antonio11921/status/628101033336655872
mr_takki;2015-07-21 13:24;14;28;"Volevo rassicurare quelli che temono che i migranti portino delinquenza, mafia e criminalità organizzata che NON SONO IMMIGRATI ITALIANI!";;;;"623483632880103424";https://twitter.com/mr_takki/status/623483632880103424
facciamocome;2015-07-19 17:02;1;0;"A Singapore gli immigrati italiani vengono sterilizzati: per questo lì la criminalità è ai minimi storici.";;;;"622813739851640832";https://twitter.com/facciamocome/status/622813739851640832
MyBuddyValium;2015-07-19 14:43;0;0;"@ matteorenzi caro Matteo, state facendo un lavoro terribile con gli immigrati. La gente vive nella paura e nella criminalità.";;@;;"622778834241351680";https://twitter.com/MyBuddyValium/status/622778834241351680
b2f35df90689475;2015-07-04 17:24;0;0;"@ matteorenzi con gli immigrati stai importando nel nostro paese solo:malattie,miseria,criminalità,distruzione della nostra cultura.Vergogna";;@;;"617383615303950336";https://twitter.com/b2f35df90689475/status/617383615303950336
carmentpf;2015-06-22 16:48;0;1;"@ sempreferro @ Sara_6277 anche a Torino la percezione della criminalità aumenta in proporzione all'aumento della percezione degli immigrati..";;@ @;;"613025841518387201";https://twitter.com/carmentpf/status/613025841518387201
SamuBarbieri;2015-06-21 09:35;0;0;"guardate che non servono gli immigrati per alzare il tasso di criminalità in Italia. Siamo così bravi da soli a farlo";;;;"612554440189571072";https://twitter.com/SamuBarbieri/status/612554440189571072
facciamocome;2015-06-18 13:09;0;0;"In Namibia gli immigrati italiani vengono sterilizzati: per questo lì la criminalità è ai minimi storici.";;;;"611521170169573376";https://twitter.com/facciamocome/status/611521170169573376
Campanianotizie;2015-06-17 10:33;0;0;"Criminalità: due immigrati africani accoltellati a Napoli http://fb.me/2iDIeFKbH";;;;"611119513321480192";https://twitter.com/Campanianotizie/status/611119513321480192
Campanianotizie;2015-06-17 10:33;0;0;"Criminalità: due immigrati africani accoltellati a Napoli http://dlvr.it/BDyHxq";;;;"611119409269059584";https://twitter.com/Campanianotizie/status/611119409269059584
campaniapost;2015-06-17 10:08;0;0;"Criminalità: due immigrati africani accoltellati a Napoli: Due immigrati africani sono stati feriti in circost... http://bit.ly/1HSl9mM";;;;"611113252517318656";https://twitter.com/campaniapost/status/611113252517318656
Campanianotizie;2015-06-17 09:48;0;0;"Criminalità: due immigrati africani accoltellati a Napoli http://fb.me/4jBC1Dx8X";;;;"611108157306327040";https://twitter.com/Campanianotizie/status/611108157306327040
Elybon1;2015-06-16 12:24;0;0;"@ GabriGiammanco @ forza_italia Vediamo: 3 x emergenza immigrati, 5 x emergenza criminalità immigrati, 5 per sanità immigrati, etc. etc. etc.";;@ @;;"610785061613490176";https://twitter.com/Elybon1/status/610785061613490176
Mbangabauna;2015-06-16 09:26;4;1;"# MafiaCapitale la criminalità organizzata pronta a cercare manovalanza tra gli # immigrati # Tiburtinapic.twitter.com/ePiMLke3jQ";;;# # #;"610740342074310656";https://twitter.com/Mbangabauna/status/610740342074310656
rampi1987;2015-06-14 09:29;0;0;"Se c'è la crisi é colpa del governo,se c'è criminalità é colpa degli immigrati...ma un esamino di coscienza no!!!";;;;"610016106372317184";https://twitter.com/rampi1987/status/610016106372317184
mttneg;2015-06-13 18:25;1;1;"In mancanza di dati su "esplosione della criminalità a causa dell'aumento degli arrivi di immigrati", astenersi da ogni giudizio";;;;"609788666177802240";https://twitter.com/mttneg/status/609788666177802240
jacopo_iacoboni;2015-06-13 18:10;31;32;"Montano totalmente ad arte un "caso immigrati" che non esiste da nessuna parte. L'emergenza non esiste. E non c'è esplosione di criminalità";;;;"609784946698387456";https://twitter.com/jacopo_iacoboni/status/609784946698387456
perepepo;2015-06-13 08:43;0;0;"@kaosleo gli immigrati abbassano il prezzo del lavoro, portano criminalità e in più costa mantenerli e accoglierli... Ci impoveriscono";;@kaosleo;;"609642329704636416";https://twitter.com/perepepo/status/609642329704636416
russoc091;2015-06-11 11:06;1;0;"@ matteorenzi le nostre città ridotte a latrine ,alla mercee di criminalità e immigrati # grazierenzi";;@;#;"608953347446566912";https://twitter.com/russoc091/status/608953347446566912
trvrrt;2015-06-11 09:58;0;0;"Disabile violentata a Torino, tre in manette http://www.lastampa.it/2015/06/11/italia/cronache/disabile-violentata-tre-in-manette-79WEgaZxTdfD4aelbc902O/pagina.html … via @ la_stampa # leganord # salvini # immigrati # criminalità # torino";;@;# # # # #;"608936301572837377";https://twitter.com/trvrrt/status/608936301572837377
MaraMobile;2015-06-07 21:35;0;1;"@ papito1492 Purtroppo i fatti di criminalità si riferiscono quasi sempre a immigrati, non solo arrivati con i barconi s'intende...";;@;;"607662080695627778";https://twitter.com/MaraMobile/status/607662080695627778
vmonaco13;2015-06-07 16:43;0;0;"È la prima volta che vedo Maroni combattere la criminalità organizzata disincentivando l' arrivo di immigrati in Lombardia";;;;"607588652559044608";https://twitter.com/vmonaco13/status/607588652559044608
maurizio191060;2015-06-04 22:10;0;0;"I romani non vedevano la criminalità avanzare ma continuavano a manifestare contro i Rom e gli immigrati. La Chiesa romana cosa faceva?";;;;"606583773111676929";https://twitter.com/maurizio191060/status/606583773111676929
Gennespo;2015-05-29 11:45;0;0;"@CarlaCiii @ RogerHalsted ma lei è contro la criminalità o contro la criminalità dei soli immigrati?";;@CarlaCiii @;;"604252208658518017";https://twitter.com/Gennespo/status/604252208658518017
incorreggibile;2015-05-28 19:57;0;1;"Non è' Salvini a resuscitare intenzione hitleriane contro Rom o immigrati,siete voi! Criminalità e' max espressione ! Italiani? Stanchi!";;;;"604013703546195968";https://twitter.com/incorreggibile/status/604013703546195968
_ritasi;2015-05-26 23:04;0;0;"@ staroni14 @ gasparripdl la criminalità è purtroppo una piaga che non ha colore. Troppo facile dire che tutti gli immigrati sono delinquenti";;@ @;;"603335886357561344";https://twitter.com/_ritasi/status/603335886357561344
zavsal;2015-05-25 06:18;0;0;"Consap: l’Italia non è in grado di gestire anche la criminalità degli immigrati - ICTUMZONE di... http://fb.me/8po2jZZqV";;;;"602720275600429056";https://twitter.com/zavsal/status/602720275600429056
zavsal;2015-05-25 06:17;0;0;"Consap: l’Italia non è in grado di gestire anche la criminalità degli immigrati http://ictumzone.altervista.org/?p=32007";;;;"602720233816727552";https://twitter.com/zavsal/status/602720233816727552
taberlet;2015-05-25 01:56;0;0;"Consap: l’Italia non è in grado di gestire anche la criminalità degli immigrati http://fb.me/szzN4lgU";;;;"602654410947371008";https://twitter.com/taberlet/status/602654410947371008
falco174;2015-05-24 19:00;0;0;"Consap: l’Italia non è in grado di gestire anche la criminalità degli immigrati http://fb.me/7hQG3E664";;;;"602549832323072000";https://twitter.com/falco174/status/602549832323072000
tinaasilvia;2015-05-24 14:54;0;0;"Consap: l’Italia non è in grado di gestire anche la criminalità degli immigrati - Imola Oggi http://fb.me/2HsYUFuG5";;;;"602487860143517697";https://twitter.com/tinaasilvia/status/602487860143517697
luca_palmisano;2015-05-24 07:42;0;0;"Consap: l’Italia non è in grado di gestire anche la criminalità degli immigrati http://fb.me/6pslBScnH";;;;"602379104244125696";https://twitter.com/luca_palmisano/status/602379104244125696
LorenzoBalboni;2015-05-23 18:14;0;0;"Consap: l’Italia non è in grado di gestire anche la criminalità degli immigrati - Imola Oggi http://fb.me/1W08VI8AF";;;;"602175690289651713";https://twitter.com/LorenzoBalboni/status/602175690289651713
zuccapelata;2015-05-23 16:48;0;0;"Consap: l’Italia non è in grado di gestire anche la criminalità degli immigrati | Imola Oggi http://www.imolaoggi.it/2015/05/23/consap-litalia-non-e-in-grado-di-gestire-anche-la-criminalita-degli-immigrati/ …";;;;"602154074641956865";https://twitter.com/zuccapelata/status/602154074641956865
eeleg;2015-05-23 16:07;0;0;"Consap: l’Italia non è in grado di gestire anche la criminalità degli immigrati - Imola Oggi http://fb.me/1XV07cJ63";;;;"602143801432473601";https://twitter.com/eeleg/status/602143801432473601
notixweb;2015-05-23 14:02;0;0;"Consap: l’Italia non è in grado di gestire anche la criminalità degli immigrati http://ow.ly/NkjUU";;;;"602112319091580928";https://twitter.com/notixweb/status/602112319091580928
Sputtaniamotutt;2015-05-23 14:00;1;1;"Consap: l’Italia non è in grado di gestire anche la criminalità degli immigrati http://ow.ly/NkjUh  http://fb.me/7zFXRrt9m";;;;"602111905998643201";https://twitter.com/Sputtaniamotutt/status/602111905998643201
cicciogangemi1;2015-05-23 14:00;0;0;"Consap: l’Italia non è in grado di gestire anche la criminalità degli immigrati http://ow.ly/NkjUh";;;;"602111893269061632";https://twitter.com/cicciogangemi1/status/602111893269061632
enricosacchetto;2015-05-23 13:38;0;0;"Consap: l’Italia non è in grado di gestire anche la criminalità degli immigrati http://fb.me/3bsmfe0fk";;;;"602106342036283392";https://twitter.com/enricosacchetto/status/602106342036283392
ErnestoTaveri;2015-05-23 13:35;0;0;"CONASP ..SINDACATO DI POLIZIA , L'ITALIA NON E' IN GRADO ANCHE DI GESTIRE LA CRIMINALITA' DEGLI IMMIGRATI .... http://fb.me/6DBxIvXKB";;;;"602105647828750336";https://twitter.com/ErnestoTaveri/status/602105647828750336
kstrauder;2015-05-23 12:54;0;0;"Consap: l’Italia non è in grado di gestire anche la criminalità degli immigrati http://fb.me/6BYzzRk88";;;;"602095244574904321";https://twitter.com/kstrauder/status/602095244574904321
PinoAikiShiatsu;2015-05-23 12:21;0;0;"Consap: l’Italia non è in grado di gestire anche la criminalità degli immigrati http://fb.me/6EOhgjKnq";;;;"602086862795079680";https://twitter.com/PinoAikiShiatsu/status/602086862795079680
incorreggibile;2015-05-23 12:16;0;1;"Consap: l’Italia non è in grado di gestire anche la criminalità degli immigrati http://www.ilsudconsalvini.org/consap-litalia-non-e-in-grado-di-gestire-anche-la-criminalita-degli-immigrati … esprimono solo quello";;;;"602085736083501056";https://twitter.com/incorreggibile/status/602085736083501056
germanodefrance;2015-05-23 12:09;0;0;"Consap: l’Italia non è in grado di gestire anche la criminalità degli immigrati http://fb.me/7olFO2Rbu";;;;"602083806745616385";https://twitter.com/germanodefrance/status/602083806745616385
ImolaOggi;2015-05-23 11:51;0;0;"Consap: l’Italia non è in grado di gestire anche la criminalità degli immigrati http://www.imolaoggi.it/2015/05/23/consap-litalia-non-e-in-grado-di-gestire-anche-la-criminalita-degli-immigrati/ …";;;;"602079487891787776";https://twitter.com/ImolaOggi/status/602079487891787776
postalepo;2015-05-23 11:20;0;0;"Consap: l’Italia non è in grado di gestire anche la criminalità degli immigrati - … https://twitter.com/Piovegovernolad/status/602070297035087872 …pic.twitter.com/okborDWagJ";;;;"602071666634657792";https://twitter.com/postalepo/status/602071666634657792
Piovegovernolad;2015-05-23 11:15;30;13;"Consap: l’Italia non è in grado di gestire anche la criminalità degli immigrati - http://bit.ly/1FFNiw4 pic.twitter.com/IodPuRa5Xz";;;;"602070297035087872";https://twitter.com/Piovegovernolad/status/602070297035087872
ilsudconsalvini;2015-05-23 10:53;3;3;"Consap: l’Italia non è in grado di gestire anche la criminalità degli immigrati http://bit.ly/1HAXAQc";;;;"602064789150523392";https://twitter.com/ilsudconsalvini/status/602064789150523392
NicolaMolteni;2015-05-22 16:34;0;0;"@ marielSiviglia @ Teo85 immigrati contribuiscono a criminalità nel paese. 62%furti commessi da stranieri.";;@ @;;"601788143923306496";https://twitter.com/NicolaMolteni/status/601788143923306496
carnevale_g;2015-05-21 15:00;1;0;"Livia Turco: "Bisogna costruire rapporto di fiducia con immigrati in stato di schiavitù per combattere criminalità" @ nelpaeseit";;@;;"601402252721594368";https://twitter.com/carnevale_g/status/601402252721594368
ChiNonMuore1;2015-05-21 14:36;0;6;"Non c'è via di mezzo tra odiare gli immigrati per becero razzismo e negare stolidamente che il dramma criminalità/terrorismo esista? # Touil";;;#;"601396162667610112";https://twitter.com/ChiNonMuore1/status/601396162667610112
surfreality;2015-05-09 07:10;0;0;"@ romeogentile @ Phastidio @ Keynesblog certo è anche che immigrati sono base forte per criminalita";;@ @ @;;"596935158604963840";https://twitter.com/surfreality/status/596935158604963840
latani1604;2015-05-07 07:03;0;0;"@ matteorenzi e pensa anche alla delinquenza, mafia, criminalità e soprattutto pensa ai nostri italiani senza case e gli immigrati si";;@;;"596208841001443328";https://twitter.com/latani1604/status/596208841001443328
ludiaman;2015-05-02 20:55;0;0;"@ Dilulape @ PellegattaD Colpa di tutti quegli immigrati italiani. Se ne stessero a casa loro invece di portare criminalità in Turchia...";;@ @;;"594606165641789441";https://twitter.com/ludiaman/status/594606165641789441
crilancianese;2015-05-01 17:59;1;2;"@ BrunoVespa ma dove vivi? la gente normale si è accorta che ormai siamo alla frutta: immigrati, disoccupazione, criminalità";;@;;"594199378010701825";https://twitter.com/crilancianese/status/594199378010701825
RiccaZatta;2015-04-30 10:40;0;0;"@ matteorenzi 40% X 55%= 22% aventi dirit. al voto ti voterà,78% no.Ci sarà forte opposizione Paese. Disoccupati,criminalità,immigrati,tasse";;@;;"593726515847819264";https://twitter.com/RiccaZatta/status/593726515847819264
lucianoconconi;2015-04-29 11:54;0;0;"La valanga senza limiti di immigrati fa comodo alle mafie, criminalità, albergatori, associazioni psudo-umanitarie, sfruttamento, Chiese,...";;;;"593382903960215552";https://twitter.com/lucianoconconi/status/593382903960215552
ilariafontana5s;2015-04-24 07:57;0;0;"La criminalità organizzata ringraziata: "gli immigrati li gestiamo noi!".";;;;"591511285881114625";https://twitter.com/ilariafontana5s/status/591511285881114625
FernandoIerardi;2015-04-20 07:10;0;0;"# Agorà Boldrini spendete mld di euro x immigrati favorendo la criminalità agli italiani solo tasse governo Vergognoso";;;#;"590049827175673856";https://twitter.com/FernandoIerardi/status/590049827175673856
jechil;2015-04-18 10:42;0;0;"@ zaiapresidente @ panorama_it Gli italiani furono i più malvisti tra gli immigrati,accusati di deprimere i salari e favorire la criminalità.";;@ @;;"589378519916007424";https://twitter.com/jechil/status/589378519916007424
Luca_Bs63;2015-04-16 19:48;0;0;"con sbarchi continui di immigrati si aiuta solo la criminalità che gode di questo alle nostre spalle.fermare sbarchi.";;;;"588791031459684352";https://twitter.com/Luca_Bs63/status/588791031459684352
PiazzaaItalia;2015-04-15 21:23;0;0;"@fabio70AR Lo stato Italiano istiga alla criminalità gli immigrati. Accoglie e non ha risorse per loro. Il passo è breve.";;@fabio70AR;;"588452611021484032";https://twitter.com/PiazzaaItalia/status/588452611021484032
martinasperduti;2015-04-15 19:06;0;0;"Con mare Nostrum e l'ingresso di nuovi immigrati si favorisce alla criminalità organizzata : spaccio di droga e... http://fb.me/8lprEv4ON";;;;"588418012413358081";https://twitter.com/martinasperduti/status/588418012413358081
Luciofreni;2015-04-15 13:05;0;0;"@ donzelli Gli immigrati che tra un po' ci rimpiazzano, il 49%di tasse,la criminalità,la corruzione,non mi pare che # Tortosa sia il problema";;@;#;"588327221309374465";https://twitter.com/Luciofreni/status/588327221309374465
carmeloabbate;2015-04-14 08:06;12;13;"Le parole forbite della sinistra portano immigrati comprati un tanto al chilo, e degrado, disordine, paura, insicurezza, criminalità";;;;"587889597050388480";https://twitter.com/carmeloabbate/status/587889597050388480
filigue78;2015-04-12 19:31;0;0;"@ matteosalvinimi @mikytavolo13 ma non lo capisci che i soldi k dovrebbero andare agli immigrati,vanno nelle tasche della criminalità?!";;@ @mikytavolo13;;"587337258761596928";https://twitter.com/filigue78/status/587337258761596928
labelmondo;2015-04-10 12:26;0;0;"@ FrancescoPecugi @ emmegrafia io so che solo gli immigrati irregolari percentualmente sono più rappresentati nella "piccola" criminalità...";;@ @;;"586505566463361024";https://twitter.com/labelmondo/status/586505566463361024
PiazzaaItalia;2015-04-05 09:16;0;0;"@ apaschetti @ labelmondo no criminalita' non solo immigrati. ma io non li voglio. Come Io immigrato dove sono non sono benvoluto";;@ @;;"584645895272194049";https://twitter.com/PiazzaaItalia/status/584645895272194049
labelmondo;2015-04-04 17:56;0;0;"@ apaschetti @ roccoscozzarell Non mi sembra che la criminalità sia di esclusivo appannaggio degl'immigrati o a cosa di riferisci,all'aspetto?";;@ @;;"584414321624625153";https://twitter.com/labelmondo/status/584414321624625153
Ale79Friul;2015-03-31 21:37;1;1;"Speranza lo sa che gli immigrati regolari che si spaccano la schiena hanno le palle piene di criminalità,illegalità e buonismo? # dimartedi";;;#;"583020354890764288";https://twitter.com/Ale79Friul/status/583020354890764288
SardoneSilvia;2015-03-30 12:44;18;13;"# Milano horror della sinistra: tasse, criminalità, degrado, rom, immigrati, centri sociali, aumenti. @ forza_italiahttps://www.youtube.com/watch?v=TpZ7Rf6rFy4 …";;@;#;"582523715407204352";https://twitter.com/SardoneSilvia/status/582523715407204352
SardoneSilvia;2015-03-28 10:35;16;10;"# Milano della sinistra:tasse,criminalità, degrado,Rom,immigrati,centri sociali Dovere civico @ forza_italia:liberarla! # LombardiaForzaItalia";;@;# #;"581766544339910656";https://twitter.com/SardoneSilvia/status/581766544339910656
facciamocome;2015-03-23 23:43;0;0;"In Perù gli immigrati italiani vengono sterilizzati: per questo lì la criminalità è ai minimi storici.";;;;"580152998233526272";https://twitter.com/facciamocome/status/580152998233526272
KidooBeatrix;2015-03-23 21:32;1;1;"I fondi europei pagano anche la sanità agli immigrati??ci salvaguardano dalla criminalità? # QuintaColonna";;;#;"580119856512688130";https://twitter.com/KidooBeatrix/status/580119856512688130
ilbardoDOTit;2015-03-23 12:53;0;0;""Gli immigrati clandestini sono soldi facili. E non solo per criminalità più o meno organizzata, ma anche da chi,... http://fb.me/7wv0Zvk2p";;;;"579989292149305344";https://twitter.com/ilbardoDOTit/status/579989292149305344
vincentfanini;2015-03-16 18:27;0;1;"Hanno ragione gli italiani che si incazzano: crisi economica, corruzione, criminalità, immigrati, politica mediocre, politici inadeguati.";;;;"577536647031623680";https://twitter.com/vincentfanini/status/577536647031623680
value4valuables;2015-03-15 11:07;0;0;"# Governo # Renzi, fuori controllo # spesapubblica. Guadagni record per # criminalitá e # truffe ai danni dello # Stato nei servizi per # immigrati";;;# # # # # # #;"577063634796470272";https://twitter.com/value4valuables/status/577063634796470272
buchal_c;2015-03-13 22:34;2;0;"@ gasparripdl @ frafra61_rossi Estrapolando dati svizzeri e francesi il tasso di # criminalità degli # immigrati è il 650% più degli italiani";;@ @;# #;"576511622799351809";https://twitter.com/buchal_c/status/576511622799351809
controdipietro;2015-03-13 20:50;0;0;"ECCO i DATI sulla CRIMINALITA' in MAROCCO del 2014 paese che continua ad inviarci "immigrati" e dove non ci sono... http://fb.me/3DhxDl69e";;;;"576485562065928192";https://twitter.com/controdipietro/status/576485562065928192
LegaZelo;2015-03-06 12:43;0;0;"L'aumento della criminalità è proporzionale all'aumento di immigrati sul territorio, non è una supposizione, ma... http://fb.me/3BiUpI4up";;;;"573826188692602880";https://twitter.com/LegaZelo/status/573826188692602880
Sestopoterecom;2015-03-05 19:51;0;0;"Immigrati e criminalità: operazione polizia a Lido di Dante e Lido Adriano (Ra) http://wp.me/p4jCcJ-aOL";;;;"573571571106758656";https://twitter.com/Sestopoterecom/status/573571571106758656
Alessandrobarix;2015-03-03 18:28;1;0;"@ Prof_Sconvolto perché in Ch si sta bene,funziona tutto non ci sono immigrati clandestini e poca criminalitá...mica scemo l'uomo!!!";;@;;"572825966252306433";https://twitter.com/Alessandrobarix/status/572825966252306433
drita_vushaj;2015-03-02 16:21;0;0;"@ LegaNordMelzo QEL ché sveglia la coscienza agl'immigrati regolari contro i clandestini e loro criminalità spaventosa pic.twitter.com/sDYofaZ21O";;@;;"572431531534381056";https://twitter.com/drita_vushaj/status/572431531534381056
drita_vushaj;2015-03-02 16:18;0;0;"@ Carugate20061 QEL ché sveglia la coscienza agl'immigrati regolari contro i clandestini e la criminalità spaventosa. pic.twitter.com/1H4avIaIV5";;@;;"572430774080835584";https://twitter.com/drita_vushaj/status/572430774080835584
drita_vushaj;2015-03-02 16:14;0;0;"@ LombardiaOnLine QEL ché sveglia la coscienza agl'immigrati regolari contro i clandestini e la criminalità spaventosa pic.twitter.com/asBERo3FBj";;@;;"572429713949515777";https://twitter.com/drita_vushaj/status/572429713949515777
drita_vushaj;2015-03-02 09:15;0;0;"@ Leganordgorizia immigrati regolari contro i clandestini e loro criminalità spaventosa. Questo È la Lega, svegliare coscienza a noi.";;@;;"572324370607177728";https://twitter.com/drita_vushaj/status/572324370607177728
drita_vushaj;2015-03-02 09:12;0;0;"@ LegaNordTorino immigrati regolari contro i zingari, clandestini, terroristi e la loro criminalità spaventosa. Questo È la Lega, la verità.";;@;;"572323478092836864";https://twitter.com/drita_vushaj/status/572323478092836864
ioAgatha;2015-03-01 22:20;0;2;"Troppo stanca per discutere con uno che dice:"gli immigrati Italiani sono sempre stati diversi dagli altri, non hanno esportato criminalità"";;;;"572159389500616704";https://twitter.com/ioAgatha/status/572159389500616704
bttiston;2015-02-26 22:41;0;0;"@ matteosalvinimi guardati servizio pubblico e vergognati lotta contro la criminalità sui immigrati!!!";;@;;"571077601307045889";https://twitter.com/bttiston/status/571077601307045889
Se77eMiliardi;2015-02-22 21:42;0;0;"# lagabbia immigrati irregolari=manovalanza criminalità+voti lega e destra estremista+fondi gestione emergenza. Ora capite a chi servono?";;;#;"569613311567900672";https://twitter.com/Se77eMiliardi/status/569613311567900672
BrugiatelliChef;2015-02-22 16:35;3;0;"@ Storace standing ovation della criminalità, terroristi e immigrati irregolari. Con angelino è na pacchia";;@;;"569536081168896000";https://twitter.com/BrugiatelliChef/status/569536081168896000
Lamezia_Notizie;2015-02-22 13:10;0;0;"Furti in abitazione: gli immigrati responsabili del 58% dei reati http://goo.gl/fb/duzYGC # attualità # criminalità";;;# #;"569484434778533888";https://twitter.com/Lamezia_Notizie/status/569484434778533888
VicenzaPiu_com;2015-02-16 14:37;0;0;"Salvini e Bizzotto in visita da Stacchio per "allarme criminalità e immigrati" http://fb.me/1W23IDFoU";;;;"567332035313012736";https://twitter.com/VicenzaPiu_com/status/567332035313012736
FLIBLOC;2015-02-11 15:48;5;4;"Salvatore Palidda: ""Il tasso di criminalità fra gli immigrati è circa 10 volte inferiore a quello fra le forze dell'ordine"";;;;"565537793242562562";https://twitter.com/FLIBLOC/status/565537793242562562
Brunomgiordano;2015-02-11 13:35;2;6;"Al posto di straparlare di immigrati e criminalita' provate a leggere le loro storie. # Lampedusa";;;#;"565504316245827585";https://twitter.com/Brunomgiordano/status/565504316245827585
SardoneSilvia;2015-02-07 10:26;4;7;"Video # virusrai2 "Rom e immigrati, evidente problema criminalità, assurdi tagli # Renzi a comparto # sicurezza" https://www.youtube.com/watch?v=mIvACaSjY0o …";;;# # #;"564007307366125568";https://twitter.com/SardoneSilvia/status/564007307366125568
pegasos56;2015-02-06 14:44;0;0;"@ vincenzob18 Il tuo discorso è demagogico tanto quanto quello di coloro che sostengono che cacciando gli immigrati si sconfigge criminalità";;@;;"563709876581707776";https://twitter.com/pegasos56/status/563709876581707776
CARITASSAVONA;2015-01-30 12:28;1;1;"# savonastaconlasposa GLI IMMIGRATI E IL LIVELLO DI CRIMINALITA'. VAI OLTRE QUELLO CHE SI SENTE DIRE! CREDI AI FATTI. pic.twitter.com/yLPhyTWRuv";;;#;"561138803948396544";https://twitter.com/CARITASSAVONA/status/561138803948396544
giancap75;2015-01-25 21:51;0;1;"@ matteosalvinimi il problema sugli immigrati non è il terrorismo ma la criminalità che portano rimanendo in Italia senza in lavoro!";;@;;"559468570414166016";https://twitter.com/giancap75/status/559468570414166016
ilbue63;2015-01-24 14:49;0;0;"@ danyace2014 ci sono anche leghisti ossessionati dagli immigrati che vedono criminalità ovunque per esempio.";;@;;"559000047044800512";https://twitter.com/ilbue63/status/559000047044800512
ludez86;2015-01-24 09:28;0;0;"rapporto sulla criminalità del Veneto: aumentano i crimini. Al top corruzione, concussione e usura. È colpa degli immigrati eh.";;;;"558919379283636225";https://twitter.com/ludez86/status/558919379283636225
guidosfe;2015-01-23 17:54;4;1;"@ ASorbolini @ CatenaUmana dove sono le teste di cazzo sinistre che ancora sostengono che immigrati non hanno portato aumento di criminalità";;@ @;;"558684211646070785";https://twitter.com/guidosfe/status/558684211646070785
istbrunoleoni;2015-01-23 09:01;1;0;"Quanti # immigrati giungeranno quest'anno? Loro presenza sarà connessa alla # criminalità? Sul tema Paolo Pinotti, qui: http://www.ustream.tv/recorded/54903466 …";;;# #;"558550101451636736";https://twitter.com/istbrunoleoni/status/558550101451636736
RoccoTodero;2015-01-20 21:37;0;0;"@wloski16 @ lbianchetti ahhhhh sulla criminalità!!Allora stiamo parlando d'altro.Anche in Italia molti immigrati in carcere.ma terrorismo?";;@wloski16 @;;"557653186040041473";https://twitter.com/RoccoTodero/status/557653186040041473
m_dazzi;2015-01-18 19:37;0;0;"@ matteosalvinimi La signora Boldrini e' gran responsabile dell'arrivo di migliaia di immigrati che stanno importando islam e criminalita'";;@;;"556898162020196352";https://twitter.com/m_dazzi/status/556898162020196352
MFerraglioni;2015-01-13 06:38;0;0;"Per gli Europei # Schengen era un opportunità, per le lobbie una modalità per portare capitali altrove, per criminalità trafficare immigrati";;;#;"554890235944120320";https://twitter.com/MFerraglioni/status/554890235944120320
Joe911S;2015-01-07 08:53;0;0;"@ saraepunto Dati dell'Istat: tasso di criminalità degli immigrati regolari 1.4% contro lo 0,75% degli italiani... poi è libera opinione.";;@;;"552749783509925888";https://twitter.com/Joe911S/status/552749783509925888