name;user;replyTo;date;text;commentCount;retweetCount;favouriteCount
Matteo Salviniâ€Account verificato;@matteosalvinimi;;2018-06-11 09:36:37;;0;0;0
Nicaâ€;@di_nica;In risposta a @matteosalvinimi;2018-06-11 09:43:41;"Non parli a nome dell'Italia perchÃ© lei Ã¨ la nostra vergogna
Parli a nome do quel 4 leghisti di Gallarate per i quali Ã¨ in perpetua propaganda elettorale";81;11;178
Ginevraâ€;@NoireVn;In risposta a @di_nica e @matteosalvinimi;2018-06-11 09:54:50;Quattro siete voi! E non lo avete ancora capito!;5;6;165
Nicaâ€;@di_nica;In risposta a @NoireVn e @matteosalvinimi;2018-06-11 09:59:15;No non lo ha ancora capito salvini che non Ã¨  piÃ¹ il leader un partito razzista e xenofobo ma il MINISTRO DEGLI INTERNI e..purtroppo rappresenta anche me;33;4;37
iMarco 128gbâ€;@iMarco128gb;In risposta a @di_nica, @NoireVn e @matteosalvinimi;2018-06-11 10:49:01;Salvini Ã¨ stato votato assieme alla lega da MILIONI DI CITTADINI ITALIANI IL 4 marzo. Evidentemente la pesante sconfitta del PD, che sta perdendo anche le comunali di ieri, vi brucia ancora e di brutto anche. Ricordatevi che non puÃ² governare sempre la sinistra!!;11;15;139
Nicaâ€;@di_nica;In risposta a @iMarco128gb, @NoireVn e @matteosalvinimi;2018-06-11 10:52:01;Ok  ma ci sono altri milioni di cittadini che non vogliono essere rappresentati da un ministro che fa il razzista e lo xenofobo per sfamare la vostra fame di odio e paura;53;4;36
IPNOKlasterâ€;@IPNOKlaster;In risposta a @di_nica, @iMarco128gb e altri 2;2018-06-11 12:07:41;Noi milioni di cittadini abbiamo subito per anni i vostri ministri non passati per elezioni, adesso tocca a voi subire i ministri che noi milioni VOLEVAMO E APPOGGIAMO. Forza Governo Giallo Verde! Forza Matteo Forza Luigi!!!;;4;53
Vicki Vale #unodeimilleâ€;@Vickiegogreen;In risposta a @matteosalvinimi;2018-06-11 09:43:49;Un leader che sta dimostrando di avere a cuore la propria gente oltre che avere palle di titanio che tanto abbiamo sognato ! Grazie @matteosalvinimi !!!;15;51;349
Vicki Vale #unodeimilleâ€;@Vickiegogreen;In risposta a @Stefania_1972 e @matteosalvinimi;2018-06-11 09:52:19;Non succederÃ  ! Le eruzioni di vomito, gli insulti corrosivi (l'unica arma di cui dispongono nella loro infinita nullitÃ  e bruttezza interiore ed esteriore) e le rappresaglie progressiste, Salvini le ha messe in conto da sempre. AndrÃ  avanti e manterrÃ  fede a quanto promesso;8;8;79
Vicki Vale #unodeimilleâ€;@Vickiegogreen;In risposta a @Vickiegogreen, @Stefania_1972 e @matteosalvinimi;2018-06-11 09:54:45;"Non gli faranno nÃ© caldo nÃ© freddo come non ne farebbero a me, tanto piÃ¹ sapendo da che genere di esseri immondi provengono.
Tiratevi su con questo specie sul finale (l'ho sottotitolato in ita)https://www.youtube.com/watch?v=lCis1U1nFR0Â â€¦";2;4;28
Vicki Vale #unodeimilleâ€;@Vickiegogreen;In risposta a @Vickiegogreen, @Stefania_1972 e @matteosalvinimi;2018-06-11 09:56:13;Altrettanto efficace e al punto. Ho sottotitolato in italiano anche questohttps://www.youtube.com/watch?v=trAyp5XXQgoÂ â€¦;3;3;10
Zoe Kellerâ€;@KellerZoe;In risposta a @Vickiegogreen, @Stefania_1972 e @matteosalvinimi;2018-06-11 11:47:01;Fossero marxisti almeno si opporrebbero alla creazione dell'esercito di manodopera di riserva. Queste frigne senza dignitÃ  non sono piÃ¹ niente, non hanno piÃ¹ le palle per niente, aspirano solo alla dissoluzione dell'italia e dell'occidente che odiano.;5;9;21
De Andradeâ€;@Generazionejobs;In risposta a @KellerZoe, @Vickiegogreen e altri 2;2018-06-11 12:00:15;Io non ho certezze GRANITICHE come voi l'unica cosa di cui sono certo Ã¨ che domani il sole sorgerÃ  e che i migranti cambieranno questo paese in meglio noi siamo vecchi stanchi cattivi e rancorosi loro hanno quella freschezza mentale e sociale che a noi manca;5;;2
Brutale Â ğŸ‡®ğŸ‡¹â€;@ariolo_orazio;In risposta a @Generazionejobs, @KellerZoe e altri 3;2018-06-11 12:30:33;"Prova ad andare alla stazione di milano o roma e poi vedi come l'hanno cambiato in meglio..oppure prendi i mezzi pubblici dopo le 20.00 e vediamo se lascieresti tua figlia a girare da sola in autobus o metro o treno ecc.
Con il culo degli altri una mazza sembra un filo d'erba";1;9;14
Emanuelaâ€;@st_illy;In risposta a @matteosalvinimi;2018-06-11 09:43:29;No! Ãˆ una scelta vile di uomini mediocri!! Non si lascia la gente in mare!! Mai!!!;40;3;72
Emanuelaâ€;@st_illy;In risposta a @Giuvannin0 e @matteosalvinimi;2018-06-11 09:52:01;Lo dice lâ€™UNHCR ! Quindi sto spauracchio Ã¨ solo un cavallo di battaglia di #salvinimmerda per vincere le elezioni!pic.twitter.com/d5AswKV4Mg;65;5;53
Simo Goriâ€;@simo_gori;In risposta a @Giuvannin0, @st_illy e @matteosalvinimi;2018-06-11 10:35:32;"""SE LI PRENDANO"" si dice ""SE LI PRENDANO"" se non sapete l'italiano non meritate di stare in questo paese";9;;15
Simo Goriâ€;@simo_gori;In risposta a @Giuvannin0, @st_illy e @matteosalvinimi;2018-06-11 13:04:16;Io parlo delle cose che so, ho fatto una critica al tuo uso della lingua italiana;2;;1
Patrizia Starnone Â ğŸ‡®ğŸ‡¹â€;@PStarnone;In risposta a @matteosalvinimi;2018-06-11 09:38:44;Finalmente uno Stato che tutela i confini e ordina lo stop alla deportazione di schiavi.;18;78;583
Astro Labioâ€;@labio_astro;In risposta a @PStarnone e @matteosalvinimi;2018-06-11 09:48:40;E la lascia morire gli schiavi. Finalmente, eh?;80;1;68
Patrizia Starnone Â ğŸ‡®ğŸ‡¹â€;@PStarnone;In risposta a @labio_astro e @matteosalvinimi;2018-06-11 09:51:26;Ci sono altri porti;10;8;206
Astro Labioâ€;@labio_astro;In risposta a @PStarnone e @matteosalvinimi;2018-06-11 09:52:54;Ponzio Pilato era decisamente il suo personaggio preferito.;53;6;123
Astro Labioâ€;@labio_astro;In risposta a @iacovettide, @PStarnone e @matteosalvinimi;2018-06-11 10:18:56;La complicitÃ  non Ã¨ un conforto. Ãˆ lâ€™alibi dellâ€™indifferente.;5;;15
Astro Labioâ€;@labio_astro;In risposta a @iacovettide, @PStarnone e @matteosalvinimi;2018-06-11 10:24:33;Ãˆ diritto internazionale non UE;9;;11
Paul Oldenâ€;@paulolden1;In risposta a @matteosalvinimi;2018-06-11 09:44:16;"Salvini, come giustificherÃ  il mancato rispetto degli impegni internazionali sottoscritti? 
Come al solito faremo la figura dei cialtroni di cui non ci si puÃ² fidare, con tutte le gravi conseguenze del caso. 

#Aquarius";42;4;45
Patty_Roseâ€;@Patty_Rose_L;In risposta a @paulolden1 e @matteosalvinimi;2018-06-11 09:53:21;Come fanno tutti gli altri. #Aquarius;1;2;58
Paul Oldenâ€;@paulolden1;In risposta a @Patty_Rose_L e @matteosalvinimi;2018-06-11 09:56:33;Non Ã¨ affatto cosÃ¬. Malta, Spagna ecc hanno rifiutato attracco ai sensi dei trattati vigenti. Noi lo stiamo rifiutando illegalmente, fottendocene di ciÃ² che noi stessi abbiamo sottoscritto.;19;1;17
Lellaâ€;@Lella19219360;In risposta a @paulolden1, @Patty_Rose_L e @matteosalvinimi;2018-06-11 13:49:35;Renzi sottoscrisse(nel patto di Triton scaduto a febbraio)di poter accogliere tutti i migranti. Spagna, Francia, Austria, Svizzera,Ungheria ecc. hanno chiuso porti e frontiere senza alcun rimorso di coscienza nei confronti di altri esseri umani.Nessuno li accusa di razzismo!!!!;;6;22
Mauro GHERARDI Â ğŸ‡®ğŸ‡¹â€;@GHERARDIMAURO1;In risposta a @matteosalvinimi;2018-06-11 09:38:34;pic.twitter.com/GqwM9iciQt;5;30;113
Mauro GHERARDI Â ğŸ‡®ğŸ‡¹â€;@GHERARDIMAURO1;In risposta a @GHERARDIMAURO1 e @matteosalvinimi;2018-06-11 09:41:33;pic.twitter.com/tPEKXwhhUT;9;35;98
chiaraâ€;@chiara_ser;In risposta a @GHERARDIMAURO1 e @matteosalvinimi;2018-06-11 18:15:40;Questo sÃ¬ che era un Papa degno di questo ruolo!;1;2;5
La reggi #facciamorete #FBPEâ€;@luisazaccarelli;In risposta a @matteosalvinimi;2018-06-11 09:39:42;Non sei degno di toccare il Vangelo. Non definirti cattolico, non bestemmiare. I morti pesano sulla coscienza anche se sono di un colore diverso dal tuo.;45;4;90
Ginevra Derbyshire Â ğŸ‡®ğŸ‡¹â€;@GinevraDerbysh1;In risposta a @luisazaccarelli e @matteosalvinimi;2018-06-11 09:50:24;"Le do due notizie: a) Salvini non ha nessun morto sulla coscienza, b) lo Stato Ã¨ laico (sempre, non solo quando torna comodo).
#chiudiamoiporti tranne Barcellona, che a quanto pare li vuole.";6;5;73
La reggi #facciamorete #FBPEâ€;@luisazaccarelli;In risposta a @GinevraDerbysh1 e @matteosalvinimi;2018-06-11 09:53:53;Le do una notizia anche io. Salvini fa campagne per il crocifisso nelle scuole e contro le altre religioni da anni. Entro 48 la nave finirÃ  i viveri. E ha ragione questi morti sulla coscienza ce li avrete tutti.;21;;21
La reggi #facciamorete #FBPEâ€;@luisazaccarelli;In risposta a @luisazaccarelli, @GinevraDerbysh1 e @matteosalvinimi;2018-06-11 10:04:32;Vi auguro di vivere un giorno la stessa tragedia. Ma ci penserÃ  sicuramente il vostro dio delle statuette del presepe. Pace e bene.;3;;3
Ginevra Derbyshire Â ğŸ‡®ğŸ‡¹â€;@GinevraDerbysh1;In risposta a @luisazaccarelli e @matteosalvinimi;2018-06-11 10:07:16;Guardi che Ã¨ lei che continua a tirare in ballo la religione, per me non l'avrei proprio presa in considerazione.;1;1;7
La reggi #facciamorete #FBPEâ€;@luisazaccarelli;In risposta a @GinevraDerbysh1 e @matteosalvinimi;2018-06-11 10:09:26;No, Ã¨ il suo ministro salvini che lâ€™ha tirata in ballo giurando sul Vangelo.;2;;4
Ginevra Derbyshire Â ğŸ‡®ğŸ‡¹â€;@GinevraDerbysh1;In risposta a @luisazaccarelli e @matteosalvinimi;2018-06-11 10:16:29;Guardi, glielo rispiego: Salvini in campagna elettorale puÃ² dire ciÃ² che vuole. CiÃ² detto, come ministro ha giurato sulla costituzione italiana e per l'interesse dell'Italia. Ergo: le sue azioni devono essere guidate da questo e da nient'altro.;1;2;11
maryl   Â ğŸ‡®ğŸ‡¹â€;@Maryljacb;In risposta a @matteosalvinimi;2018-06-11 10:10:54;#Libia sta palesemente violando accordi precedenti #Libia va ridimensionata con intervento #Nato #Mediterraneo;4;7;17
Ugo di Provenzaâ€;@ugodiprovenza;In risposta a @Maryljacb e @matteosalvinimi;2018-06-11 10:17:57;Le navi #ong pattugliano, con meticolosa pazienza, le coste libiche in attesa dell'arrivo di merce fresca di giornata, da portare sul mercato italiano!L'allucinante Ã¨ che i buoni sono questi negrieri e i cattivi sono quelli che vogliono restino a casa loro! #chiudiamoiporti;;7;30
Enzo Capasso Â ğŸ‡®ğŸ‡¹ Â ğŸ‡ªğŸ‡º #facciamorete #FBPEâ€;@EnzoA24;In risposta a @matteosalvinimi e @francesco201423;2018-06-11 09:42:30;"Stai sciacallando sulla vita di centinaia di persone che hanno avuto la sfortuna di nascere in un luogo del mondo piÃ¹ sfortunato. E sei pure Ministro, il che aggrava la tua situazione.
Smettila. Stai facendo fare una figuraccia all'Italia che dici di difendere.

#Aquarius";41;10;99
Enzo Capasso Â ğŸ‡®ğŸ‡¹ Â ğŸ‡ªğŸ‡º #facciamorete #FBPEâ€;@EnzoA24;In risposta a @Giuvannin0, @matteosalvinimi e @francesco201423;2018-06-11 09:49:19;PerchÃ© discarica? Quali sarebbero i rifiuti?;6;;13
Enzo Capasso Â ğŸ‡®ğŸ‡¹ Â ğŸ‡ªğŸ‡º #facciamorete #FBPEâ€;@EnzoA24;In risposta a @Giuvannin0, @matteosalvinimi e @francesco201423;2018-06-11 09:53:18;PerchÃ© secondo te quelli sono tutti delinquenti? Come fai a saperlo in anticipo?;6;;12
Enzo Capasso Â ğŸ‡®ğŸ‡¹ Â ğŸ‡ªğŸ‡º #facciamorete #FBPEâ€;@EnzoA24;In risposta a @Giuvannin0, @matteosalvinimi e @francesco201423;2018-06-11 09:56:42;Sei un razzista. Ti blocco.;8;;6
Annelise Roska Â â˜”ï¸â€;@AnneliseRoska;In risposta a @EnzoA24, @matteosalvinimi e @francesco201423;2018-06-11 10:02:44;Ragiona, non Ã¨ razzista, vi hanno inculcato questo buonismo che sarÃ  la nostra distruzione;1;;7
Salvo Gabrieleâ€;@salvolacquisto;In risposta a @matteosalvinimi;2018-06-11 09:37:58;Tu eri quello del Vangelo, sbaglio?;11;2;40
Sagittaâ€;@emillyele;In risposta a @salvolacquisto e @matteosalvinimi;2018-06-11 09:49:42;Erano del Vangelo anche coloro che a varie riprese nella storia ci hanno salvato dai turchi. Grazie a Dio;5;2;39
Francesco Moscaâ€;@FmMosca;In risposta a @matteosalvinimi e @erriconeasroma1;2018-06-11 10:02:50;"Matteo,
se entrano in acque italiane le navi possono essere sequestrate e l'equipaggio posto in arresto.
I clandestini sbarcati, curati e rimandati in Libia e consegnati alla capitaneria di porto libica.
Buon lavoro #guerriero.";;21;52
Gianandrea Gaianiâ€;@GianandreaGaian;In risposta a @matteosalvinimi;2018-06-12 07:35:25;La soluzione non Ã¨la  lite con Malta o Spagna per chi se li prende poichÃ¨ cosÃ¬ ogni giorni ne arrieranno altri: occorre riportarli in Libia per farli rimpatriare dall'ONU e bandire dai nostri porti le navi delle Ong.;7;25;38
SilviaÂ ğŸ‡®ğŸ‡¹  #sapereÃˆpotereâ€;@semprealtrove;In risposta a @erriconeasroma1 e @matteosalvinimi;2018-06-11 10:09:31;Riutilizzate, sarebbe meglio;1;;2
maryl   Â ğŸ‡®ğŸ‡¹â€;@Maryljacb;In risposta a @matteosalvinimi;2018-06-11 10:08:58;Ãˆ un assalto alla Nazione, usiamo la marina militare per respingerli. Chiedere intervento #Nato sulle coste libiche. Libia sta sferrando attacco inaudito facendo non stop di partenze.;;18;42
Carmen Ù†â€;@carmentpf;In risposta a @matteosalvinimi;2018-06-11 10:24:08;Lo fanno apposta. Gli stessi che hanno avuto il potere di fermare gli sbarchi al sunnit di Taormina ha anche il potere  di incrementare le partenze. Scoprite chi sono e sbatteteli in galera a vita!;;19;27
Alessandra RubinoÂ ğŸ€â€;@Alessan03743677;In risposta a @matteosalvinimi;2018-06-11 09:44:28;Non fermarti Matteo. Hai il popolo dalla tua parte!!!;9;4;65
Cittadina Juditta Â ğŸ‡ªğŸ‡º #facciamorete #IAMEUROPEANâ€;@CittadinaJ;In risposta a @Alessan03743677 e @matteosalvinimi;2018-06-11 09:54:22;Ma chi sei tu per parlare del popolo?;1;;2
Alessandra RubinoÂ ğŸ€â€;@Alessan03743677;In risposta a @CittadinaJ e @matteosalvinimi;2018-06-11 10:16:36;Il governo che ha un consenso superiore al 50% sostiene la decisione del viminale. Gli Italiani sono stanchi, si informi in giro!;2;1;6
Cittadina Juditta Â ğŸ‡ªğŸ‡º #facciamorete #IAMEUROPEANâ€;@CittadinaJ;In risposta a @Alessan03743677 e @matteosalvinimi;2018-06-11 10:36:34;Per ora di â€˜governoâ€™ abbiamo visto poco. Per ora solo gaffe e campagna elettorale. E per quanto riguarda lâ€™essere informati se lâ€™informazione Ã¨ Rocco Casalino e Casaleggio Associati dico no grazie;;;2
Luigi Guida #Antifa #DirittiAllaMetaâ€;@comeDonQuixote;In risposta a @matteosalvinimi;2018-06-11 12:06:48;Idiota cazzaro, guarda che Ã¨ il tuo caro amico Orban a volere che l'Italia diventi un gigantesco campo profughi.;3;7;20
Noemiâ€;@Noemianimalfree;In risposta a @comeDonQuixote e @matteosalvinimi;2018-06-11 12:12:31;Quando la materia cerebrale e' mera poltiglia.;;1;4
Mauro Falorniâ€;@il__Mauro;In risposta a @matteosalvinimi;2018-06-11 11:02:46;"Qualcuno mi spiega perchÃ¨ se la nave batte bandiera olandese e di conseguenza Ã¨ territorio olandese i ""naufraghi"" non debbano essere portati per essere identificati e richiedere asilo in Olanda?";1;6;38
Airoâ€;@luposeduto167;In risposta a @il__Mauro e @matteosalvinimi;2018-06-11 11:03:32;Infatti io mi chiedo questo;1;;4
Mauro Falorniâ€;@il__Mauro;In risposta a @luposeduto167 e @matteosalvinimi;2018-06-11 11:05:01;Aspettiamo che qualcuno ce lo spieghi;3;;4
Luca Tinucciâ€;@lucatinucci;In risposta a @il__Mauro e @matteosalvinimi;2018-06-11 11:07:33;C'Ã¨ un trattato europeo da noi sottoscritto.;2;;
Mauro Falorniâ€;@il__Mauro;In risposta a @lucatinucci e @matteosalvinimi;2018-06-11 11:12:47;"Ma il trattato di Dublino non prevede che l'identificazione e la richiesta d'asilo sia fatta nella nazione di arrivo? Se approdano su nave olandese quello stato Ã¨ l'Olanda.
Secondo me c'Ã¨ da lavorarci su Ã¨ fare chiarezza dove i precedenti governi hanno accettatodi tutto";2;2;15
winston smith Â ğŸ‡ªğŸ‡ºâ€;@winstonsmith75;In risposta a @il__Mauro, @lucatinucci e @matteosalvinimi;2018-06-11 11:22:17;Ã¨ da un po' che sento girare questa storia. Non Ã¨ affatto cosÃ¬, non Ã¨ l'origine della nave a definire lo stato competente. La giurisdizione della nave Ã¨ un'altra cosa. I trattati internazionali prevedono che si approdi al primo porto sicuro, non a quello cui appartiene la nave.;1;;
Mauro Falorniâ€;@il__Mauro;In risposta a @winstonsmith75, @lucatinucci e @matteosalvinimi;2018-06-11 11:24:43;Fake come il suo account;2;1;1
winston smith Â ğŸ‡ªğŸ‡ºâ€;@winstonsmith75;In risposta a @il__Mauro, @lucatinucci e @matteosalvinimi;2018-06-11 11:45:35;"sÃ¬ sono fake, mi paka il PD
se vuole vada a leggersi il trattato di Dublino. Ho cercato solo di dare una risposta ma vedo che in realtÃ  non era interessato: http://www.camera.it/_bicamerali/schengen/fonti/convdubl.htmÂ â€¦";;;
romeoâ€;@lakerrunner;In risposta a @GrianneOhmsfor1, @matteosalvinimi e @borghi_claudio;2018-06-11 10:47:30;Io non li blocco, godo. Vuol.dire che rosicano.;1;;13
DavidÂ ğŸ‡®ğŸ‡¹Â ğŸ‡®ğŸ‡±Â ğŸ‡§ğŸ‡·â€;@David70843517;In risposta a @lakerrunner, @GrianneOhmsfor1 e altri 2;2018-06-12 02:42:36;Sono d' accordo meglio leggerli che mi mettono di buon umore (Tranne la sboldrina quella mi manda di traverso la giornata);1;;3
Graoully â–½Ù†â€;@geofrance57;In risposta a @matteosalvinimi e @onEscapee;2018-06-11 10:14:19;L'Italie ne doit plus Ãªtre la poubelle du monde !;1;2;11
onEscapee Â ğŸ‡«ğŸ‡·â€;@onEscapee;In risposta a @geofrance57 e @matteosalvinimi;2018-06-11 10:15:30;L'Europe ne doit plus Ãªtre la poubelle de l'Afrique !;;1;9
ğŸ”´Â ğŸ”´FAKE TAXÂ ğŸ”´Â ğŸ”´â€;@tax_fake;In risposta a @matteosalvinimi;2018-06-11 20:04:15;T DOVRESTI SEMPLICEMENTE VERGOGNARE DI ESISTERE MA SE C'Ãˆ UN DIO LA PAGHERAI MOLTO CARA!!!!;;13;13
Anti COMUNISTA!â€;@birbolo1998;In risposta a @matteosalvinimi;2018-06-11 10:32:53;Con i nuovi trattati thelmis le cose sono cambiate,siano fermate dirottate su Tripoli.;;7;20
Barbara Collevecchioâ€;@colvieux;In risposta a @matteosalvinimi;2018-06-11 10:16:16;Stai giocando con la sua vitapic.twitter.com/1ICtR7Nbf8;4;4;10
gUfo Robotâ€;@RobotGufo;In risposta a @colvieux e @matteosalvinimi;2018-06-11 10:16:59;eccallÃ , il bambino, ancora mancava;;;12
â˜®ï¸Â ğŸ‡©ğŸ‡ªAce of Spades Â ğŸ‡®ğŸ‡±Â ğŸ‡®ğŸ‡¸Â ğŸ³ï¸â€ğŸŒˆÂ ğŸ‡·ğŸ‡ºâ€;@pinkcrazypony;In risposta a @matteosalvinimi;2018-06-11 10:35:01;pic.twitter.com/Ngv4mkr1EM;1;10;16
moussemanâ€;@mousseman;In risposta a @pinkcrazypony e @matteosalvinimi;2018-06-11 10:54:15;And said tweet is considered 'sensitive' material by twatter:pic.twitter.com/skbpZNdieH;1;2;2
â˜®ï¸Â ğŸ‡©ğŸ‡ªAce of Spades Â ğŸ‡®ğŸ‡±Â ğŸ‡®ğŸ‡¸Â ğŸ³ï¸â€ğŸŒˆÂ ğŸ‡·ğŸ‡ºâ€;@pinkcrazypony;In risposta a @mousseman e @matteosalvinimi;2018-06-11 11:47:00;;;;
Phoenixâ€;@_Velies_;In risposta a @matteosalvinimi;2018-06-11 10:29:42;"Non devi arretrare di un centimetro se nn vuoi credibilitÃ  distrutta.

Questi sono pirati del mare e arroganti schiavisti senza scrupoli che agiscono nell'illegalitÃ  delle leggi internazionali e italiane, vanno trattati con la stessa moneta";1;6;33
giusy ferraraâ€;@giusy13573;In risposta a @_Velies_ e @matteosalvinimi;2018-06-11 13:41:48;Ã¨ tutta propaganda.  Lo sbarco Ã© vicino.. e anche l'ira dell'UE!;3;;
Phoenixâ€;@_Velies_;In risposta a @giusy13573 e @matteosalvinimi;2018-06-11 14:00:34;"Mamma che ppaauurraaa
Quindi hai appena ammesso che la UE Ã¨ una dittatura che si fonda su ricatti e infondere paure. E' giÃ  qualcosa";;;6
SDC Â ğŸ‡®ğŸ‡¹Â âœâ€;@SDC02899267;In risposta a @matteosalvinimi;2018-06-11 10:08:44;Forza Matteo, non mollare;;3;18
ğŸ‡®ğŸ‡¹Sabino LaezzaÂ ğŸ‡®ğŸ‡¹ Â â›”ï¸Â ğŸ›³Â â›´Â ğŸš¢Â â›”ï¸â€;@SabinoLaezza;In risposta a @matteosalvinimi;2018-06-11 09:37:42;Grazie Matteo li devono riportare in Libia insieme ai buonisti piddini!!! Basta immigrati basta ong;;2;26
Francescoâ€;@itciccio;In risposta a @matteosalvinimi;2018-06-11 10:13:03;"Quella Ã¨ la sua Italia fatta da razzisti ignoranti, non la mia. 
La smetta di parlare a nome di tutti.";3;1;39
Manuel powerâ€;@Manuelv6;In risposta a @itciccio e @matteosalvinimi;2018-06-11 11:31:46;Allora Mantienili tu. Ti piace l italia dei poliziotti presi in ridicolo da due clandestini??? Ti piace l Italia della gente e delle aziende che scappano altrove? Bella complimenti continua cosi. Un popolo preso in giro per colpa di gente come te;1;;7
Francescoâ€;@itciccio;In risposta a @Manuelv6 e @matteosalvinimi;2018-06-11 15:23:00;State male.;;;
#NoTav #MaiPiÃ¹PDâ€;@ValterRimini;In risposta a @matteosalvinimi;2018-06-11 09:52:03;BASTA!!!!! I danni fatti dal Pd Ã¨ ora che inizino a pagarli loro, e non un intero Paese  I nostri confini vanno protetti, lâ€™Italia non puÃ² essere la solita donna a gambe aperte che si fa fottere da tutti, BASTA!!!!!https://www.ilfattoquotidiano.it/2017/07/05/migranti-emma-bonino-siamo-stati-noi-tra-2014-e-2016-a-chiedere-che-gli-sbarchi-avvenissero-tutti-in-italia/3710291/Â â€¦;;6;15
orimorÂ ğŸ‡®ğŸ‡¹Â ğŸ‡®ğŸ‡¹Â ğŸ‡®ğŸ‡¹â€;@orimor69;;2018-06-11 10:52:03;E bravo! Soprattutto i cattocomunisti col portafoglio a destra...bravo Salvini. Suquella nave non Ã¨ in pericolo nessuno, aiutare a bordo e basta. Avanti cosÃ¬ #chiudiamoiporti;;;5
PiccolaAnimaâ€;@PiccolaAnima3;In risposta a @matteosalvinimi;2018-06-11 10:53:05;Sei stato di parola, hai semplicemente fatto ciÃ² che tutti gli altri paesi fanno da sempre, ovverosia affermare la propria sovranitÃ .;1;2;7
Gigi  Â âš” Â ğŸ‡®ğŸ‡¹ Â âš” Â â˜¢â€;@Gigi412Po;In risposta a @PiccolaAnima3 e @matteosalvinimi;2018-06-11 12:24:26;Cosa non da poco dopo anni di governi che ci hanno preso in giro in mille modi e cercando di raccontarci favolette su crisi o austeritÃ  pur di tenere il potere...la politica perfetta non esiste ma esiste una politica il piÃ¹ possibile vicina alle persone.;;1;4
LaDanda#facciamorete #FBPE #FPHD #SiamoEuropei  Â ğŸŒâ€;@FernandaBernacc;In risposta a @matteosalvinimi;2018-06-11 11:04:35;Scherza coi fanti ma lascia stare i santi. Lei sta portando avanti un'idea sbagliata, nella forma, nella sostanza e nei modi. Lei NON rappresenta tutti gli italiani. #umanitÃ perta;3;1;6
Cinguettopoliâ€;@Cinguettopoli;In risposta a @FernandaBernacc e @matteosalvinimi;2018-06-11 11:09:42;Non deve rappresentarli tutti ma solo la maggioranza che l'ha votato. Anche lo scorso governo non rappresentava tutti gli italiani ma faceva tutto quello che aveva voglia. Quindi adesso zitti e godetevi la Democrazia anche quando non vi fa comodo.;1;;4
LaDanda#facciamorete #FBPE #FPHD #SiamoEuropei  Â ğŸŒâ€;@FernandaBernacc;In risposta a @Cinguettopoli e @matteosalvinimi;2018-06-11 11:37:28;La maggioranza del 17%????!!!! Salvini fa quel che gli pare solo perchÃ© ha fatto un accordo con m5s (che tace e lascia fare) e un cdx che ha mollato il guinzaglio. Se questa Ã¨ democrazia... e qualcuno ci crede.... amen!;3;;3
MauritoB Â â¤Â ğŸ–¤ Â ğŸ‡®ğŸ‡¹â€;@MauritoBC;In risposta a @FernandaBernacc, @Cinguettopoli e @matteosalvinimi;2018-06-11 12:39:47;Anche chi ha innalzato l'etÃ  pensionabile, ha creato gli esodati, ha truffato i risparmiatori di Banca Etruria, ha permesso che l' Italia venisse invasa e se ne Ã¨ fottuto dei terremotati, non rappresentava la maggioranza degli italiani...devo continuare???;;;5
Grace Stamperâ€;@Grace_Stamper;In risposta a @matteosalvinimi e @HarmonyHalliwel;2018-06-11 10:57:27;Magari troviamo un'altra soluzione anzichÃ© giocare sulla pelle delle persone, che dice?;2;1;4
ğŸ“–Â ğŸ”¥ğ‘¯ğ’‚ğ’“ğ’ğ’ğ’ğ’šâˆÂ ğŸ”¥Â ğŸ“–â€;@HarmonyHalliwel;In risposta a @Grace_Stamper e @matteosalvinimi;2018-06-11 10:59:09;giocare sulla pelle delle persone??? Spero tu stia scherzando. Si gioca sulla NOSTRA pelle qui. L'Italia non Ã¨ grande come l'Africa. Non puÃ² contenere tutta l'Africa! Che vadano anche negli altri paesi, non vedo perchÃ© debbano portarli tutti qui. Non siamo la discarica d'Europa.;1;;12
Grace Stamperâ€;@Grace_Stamper;In risposta a @HarmonyHalliwel e @matteosalvinimi;2018-06-11 11:02:45;Io penso che ci sono 600 persone che non meritano di rischiare la vita, che potrebbero sbarcare in un porto sicuro e poi eventualmente essere portate anche in altri Paesi. Ãˆ una situazione di emergenza.;2;1;4
ğŸ“–Â ğŸ”¥ğ‘¯ğ’‚ğ’“ğ’ğ’ğ’ğ’šâˆÂ ğŸ”¥Â ğŸ“–â€;@HarmonyHalliwel;In risposta a @Grace_Stamper e @matteosalvinimi;2018-06-11 11:05:24;benissimo. Ci sono tanti porti sicuri in Europa. Non esiste solo l'Italia. Vadano negli altri. L'emergenza Ã¨ nostra che non possiamo farci invadere dall'Africa. Basta che prendi l'atlante e guardi la diversitÃ  di grandezza fra l'Africa e l'Italia.;1;;5
Grace Stamperâ€;@Grace_Stamper;In risposta a @HarmonyHalliwel e @matteosalvinimi;2018-06-11 11:06:19;L'Italia Ã¨ il punto piÃ¹ vicino,ad ogni modo.;1;;3
ğŸ“–Â ğŸ”¥ğ‘¯ğ’‚ğ’“ğ’ğ’ğ’ğ’šâˆÂ ğŸ”¥Â ğŸ“–â€;@HarmonyHalliwel;In risposta a @Grace_Stamper e @matteosalvinimi;2018-06-11 11:07:48;Chi se ne frega. Mica devono farla a piedi o a nuoto. Se ci mettono mezz'ora o un'ora in piÃ¹ di nave non gli cambia un cazzo. Mica devono guidarla loro;1;;1
Grace Stamperâ€;@Grace_Stamper;In risposta a @HarmonyHalliwel e @matteosalvinimi;2018-06-11 11:09:48;Io prego per loro che trovino mare buono e non  si trovino in una situazione in cui un'ora in piÃ¹ di navigazione possa seriamente compromettere le loro vite. Stiamo parlando di bambini e donne incinte, anche.;1;1;5
ğŸ“–Â ğŸ”¥ğ‘¯ğ’‚ğ’“ğ’ğ’ğ’ğ’šâˆÂ ğŸ”¥Â ğŸ“–â€;@HarmonyHalliwel;In risposta a @Grace_Stamper e @matteosalvinimi;2018-06-11 11:11:39;"per caritÃ . I bambini non restano bimbi in eterno e vengono cresciuti ed educati da quella gente lÃ¬ che la pensa a quel modo. Indovina poi come saranno da adulti??? 
Non vedo come un'ora o anche dodici in piÃ¹ possa compromettere le loro vite. Non sei mai stata in nave?";1;;
Vitoâ€;@Vito_Trecarichi;In risposta a @matteosalvinimi;2018-06-11 09:39:05;AVANTI COSÃŒ MATTEO !!! FINALMENTE Lâ€™ITALIA TIRA FUORI LE PALLE !!!!;1;4;17
Gabry69939599â€;@Gabry699395991;In risposta a @matteosalvinimi;2018-06-11 12:08:36;Bravo Matteo.... finalmente dovranno muoversi gli altri Stati. Avanti cosÃ¬.;;2;16
Anti COMUNISTA!â€;@birbolo1998;In risposta a @matteosalvinimi;2018-06-12 10:54:16;Cm mai invece la nave italiana sta sbarcando a Catania altre 800risorse? Stop ad inviare navi italiane in Libia, unici fessi nel Mediterraneo che prelevano clandestini. Marina mikitaxi? Stop,non ne possiamo piÃ¹.;;3;11
Dark StarÂ ğŸŒ Â ğŸ‡®ğŸ‡¹â€;@stardark80;In risposta a @matteosalvinimi;2018-06-11 11:29:54;Grande salvini;;2;18
Simonaâ€;@Simona99914283;In risposta a @matteosalvinimi;2018-06-11 09:38:18;Non mollare siamo con te Matteo Salvini;;1;30
Francesco D Â ğŸ‡®ğŸ‡¹Â ğŸ±Â ğŸ¶â€;@Franziskus_D;In risposta a @matteosalvinimi;2018-06-11 09:42:33;La sfacciataggine CRIMINALE di questa gente Ã¨ incredibile. Sono convinto che per fare pressione sull'opinione pubblica,presto caricheranno APPOSTA donne e bambini radunati per l'occasione,per organizzare un naufragio VOLUTO. Per fortuna il bel tempo non li aiuta.;1;1;9
Brutale Â ğŸ‡®ğŸ‡¹â€;@ariolo_orazio;In risposta a @Franziskus_D e @matteosalvinimi;2018-06-11 12:24:00;Ma nessuno gli vieta di portarli in spagna o grecia o malta o francia.. o magari tunisia o meglio in Egitto.. non mi pare che abbiano un biglietto con scritto destinazione Italia;1;2;2
Francesco D Â ğŸ‡®ğŸ‡¹Â ğŸ±Â ğŸ¶â€;@Franziskus_D;In risposta a @ariolo_orazio e @matteosalvinimi;2018-06-11 12:32:25;Se un altro paese li accetta loro rifiutano. Il progetto criminoso prevede lo sbarco in Italia,dove le cricche mafiose hanno il loro business.;;;1
Filippi ivanâ€;@ivan_filippi;In risposta a @matteosalvinimi;2018-06-11 09:37:50;Fatti valere;;1;20
ğŸ‡®ğŸ‡¹ carlo roselli Â ğŸ‡®ğŸ‡¹â€;@rocselli;In risposta a @matteosalvinimi e @borghi_claudio;2018-06-11 10:44:27;non retrocedere di 1 millimetro, stiamo tutti con te, chiudiamola con questa tratta di esseri umani.;;3;9
Eurodisgusto Â ğŸ‡®ğŸ‡¹â€;@eurodisgusto;In risposta a @matteosalvinimi;2018-06-11 09:52:29;"Olanda e Germania restano le destinazioni consigliate.
Bravo Matteo continua cosÃ¬!
#chiudiamoiporti";;3;9
paride75â€;@paride751;In risposta a @matteosalvinimi;2018-06-11 09:38:08;Ma perchÃ¨ non se li portano in germania????;;1;19
Fabrizio ...â€;@Fabri69684058;In risposta a @matteosalvinimi;2018-06-11 10:08:07;Come vedi non hanno ancora recepito il messaggio ....devono capire che in ITALIA non c'Ã¨ piÃ¹ trippa per gatti. ... tieni duro;;2;11
Jasperâ€;@FlowerNuit;In risposta a @matteosalvinimi;2018-06-11 09:39:11;Non mollare Capitano;;1;19
Astro Labioâ€;@labio_astro;In risposta a @matteosalvinimi;2018-06-11 09:41:33;"C'Ã¨ qualcuno 
Che non sa 
piÃ¹ cos'Ã¨ un uomo
C'Ã¨ qualcuno 
Che non ha 
rispetto per nessuno
C'Ã¨ chi dice no.

Pur non apprezzando Vasco Rossi, Ã¨ evidente che qualcosa se lâ€™Ã¨ persa, Ministro.
#apriamoiporti
#RestiamoUmani";1;1;6
Astro Labioâ€;@labio_astro;In risposta a @Giuvannin0 e @matteosalvinimi;2018-06-11 10:02:18;Non câ€™Ã¨ davvero nulla che possa rispondere che non dica giÃ  il suo nome.;1;;1
Astro Labioâ€;@labio_astro;In risposta a @Giuvannin0 e @matteosalvinimi;2018-06-11 10:06:02;Se sâ€™insulta da solo non Ã¨ affar mio.;;;1
Guglielmo Marchesiâ€;@Guglielmo_61;In risposta a @matteosalvinimi;2018-06-11 09:40:01;"Appunto. I naufraghi sono giÃ  in salvo sulle navi rifocillati e al sicuro. Con 24h di navigazione in piÃ¹ si giunge a Marsiglia, Barcellona,Valencia e tanti altri porti che lei conoscerÃ .
Ognuno faccia la sua parte come ha sempre fatto l'Italia.";1;8;10
iMarco 128gbâ€;@iMarco128gb;In risposta a @matteosalvinimi;2018-06-11 10:42:53;Da notare dove cazzo sono arrivati! A momenti attraccano direttamente sulle coste libiche! Questi non sono salvataggi!!! Ãˆ tutto organizzato! Non dobbiamo cedere!!!;1;1;43
ğ¿ğ’¶ğ’¸ğ‘œğ“ƒğ’¾ğ’¸ğ’¶  Â ğŸ‡®ğŸ‡¹â€;@LaconicaMente;In risposta a @matteosalvinimi;2018-06-11 10:12:39;"Lo stesso Strada ha ammesso che useranno i migranti contro di Lei e contro questo Governo. Li stanno usando per destabilizzare e dimostrare che faranno comunque quello che vogliono. Non lo permetta

@DaniloToninelli @GiuseppeConteIT";1;2;3
thomas valle CRISTIANOâ€;@UghettoSuper;In risposta a @LaconicaMente, @matteosalvinimi e altri 2;2018-06-11 11:47:29;@GinoStrada va interrogato per le due affermazioni. #chiudiamoiporti;;1;2
Michele Matejkaâ€;@MicheleMatejka;In risposta a @matteosalvinimi;2018-06-11 13:00:46;Bravo capitano. Intanto perÃ² siamo diventati alleati di Austria e Ungheria che non vogliono le quote e vogliono lasciare tutti a noi. Mitico;;1;11
riccardo riccardoâ€;@Ricki0202;In risposta a @matteosalvinimi;2018-06-11 14:34:35;Tieni durooo! Ti abbiamo votato per questo! Affrontiamo le leggi inique e datate, basta umiliazioni, siamo un popolo sovrano, i ns nonni hanno versato il sangue per la ns libertÃ  e per il ns Paese. Grazie Salvini.;;1;15
ğŸ‡®ğŸ‡¹ AnnaSilvaÂ ğŸ‡®ğŸ‡¹Â ğŸ‡·ğŸ‡ºâ€;@Niandra_LaDes69;In risposta a @matteosalvinimi;2018-06-11 13:29:21;Sogno o son desta? Ancora fatico ad abituarmi all'idea di un Ministro che fa l'interesse dell'Italia. Grazie Ministro.;1;;11
ğŸ‡®ğŸ‡¹ AnnaSilvaÂ ğŸ‡®ğŸ‡¹Â ğŸ‡·ğŸ‡ºâ€;@Niandra_LaDes69;In risposta a @Massimi62796415 e @matteosalvinimi;2018-06-11 13:38:17;Dov'Ã¨ il problema? Non mi interessa PERCHE' faccia quello che serve al mio Paese. Mi interessa che lo faccia.;1;;3
ğŸ‡®ğŸ‡¹ AnnaSilvaÂ ğŸ‡®ğŸ‡¹Â ğŸ‡·ğŸ‡ºâ€;@Niandra_LaDes69;In risposta a @Massimi62796415 e @matteosalvinimi;2018-06-11 13:45:15;Scusa ma sei il suo prete confessore?;1;;3
ğŸ‡®ğŸ‡¹ AnnaSilvaÂ ğŸ‡®ğŸ‡¹Â ğŸ‡·ğŸ‡ºâ€;@Niandra_LaDes69;In risposta a @Massimi62796415 e @matteosalvinimi;2018-06-11 14:04:57;Questi poveracci se sapessero che li aspetta un Paese in crisi econom non partirebbero. Non Ã¨ possibile ospitare tutta lâ€™Africa. Altri paesi UE chiudono. Lâ€™Aquarius Ã¨ nave moderna, e gov ha mandato medici. I VERI bisognosi sono aiutati. Bisogna fermare traffico di esseri umani.;1;;3
Fioreâ€;@Fiore67999636;In risposta a @matteosalvinimi;2018-06-11 17:17:20;Bravissimo. Basta l'italia ha dato tantissimo. Pensiamo agli italiani che muoiono di fame e sono tanti soprattutto gli anziani;;1;7
Ecodeicomuni Â ğŸŒ Â ğŸ‡®ğŸ‡¹â€;@ecodeicomuni_ec;In risposta a @matteosalvinimi;2018-06-11 21:32:46;"Ministro perÃ² ora dia ordine alla marina militare e capitaneria di non caricare piÃ¹ ""passeggeri"" se no non ne usciamo! una nave militare italiana sta per arrivare in Sicilia con un bel carico...spero sia l'ultimo...si consulti con la difesa e ponga fine anche a questa cosa";;3;3
Robertoâ€;@robertosail;;2018-06-12 16:36:58;Ti servono gli occhiali da vista, ti sembrano uguali a quelli che arrivano da noi? Tutti arrivavano con documenti e visto fatto alla partenza, e a riceverli non c'erano coop e mafia.;1;;1
Marcella Fraschiâ€;@Marcellina82;In risposta a @matteosalvinimi;2018-06-11 14:55:46;"Ma non Ã¨ prevista alcuna pena per chi infrange le norme del codice della navigazione?
Se partono da davanti alla #Libia DEVONO portarli a #tripoli!
#SeaWatch3 #Aquarius #Holland";;1;7
Persilâ€;@PersilQ;In risposta a @matteosalvinimi;2018-06-11 20:53:53;Attenzione alla presa per i fondelli. La Aquarius va in tutt'altra direzionehttps://twitter.com/maxdantoni/status/1006213878085308417Â â€¦;;5;2
Tatiana Testa â€;@anya79243;In risposta a @matteosalvinimi;2018-06-11 12:31:47;Avanti cosÃ¬ capitano,,!!!!;;3;3
Anti COMUNISTA!â€;@birbolo1998;In risposta a @matteosalvinimi;2018-06-11 14:43:43;Tieni duro, tutti i paesi hanno blindato le frontiere, nessun clandestino deve piÃ¹ sbarcare da noi. CHI ha documenti in regola sia il benvenuto, gli altri siano riportati dove prelevati.;;2;6
RecordItaliaÂ ğŸ‡ªğŸ‡ºâ€;@ItaliaRecord;In risposta a @matteosalvinimi;2018-06-11 23:52:27;"I mille migranti che sono sulle navi della guardia costiera e che stanno sbarcando a Catania te li sei scordati?
Ne cacciate 600 suonando la fanfara e ne fate sbarcare 1000 senza dire nulla.
Siete soltanto chiacchiere e propaganda per boccaloni. Vergognatihttp://www.repubblica.it/cronaca/2018/06/11/news/aquarius_tensione_a_bordo_spagna_accoglie-198756608/Â â€¦";1;3;8
Giampieroâ€;@Giampie42004576;In risposta a @matteosalvinimi;2018-06-11 12:49:02;Grazie al nostro Matteo, da ieri possiamo ricominciare a guardare negli occhi con orgoglio il resto d'Europa #siamotuttiMatteoSalvini;2;;17
Paola Mare Â â˜®ï¸Â â™ï¸Â ğŸ¶â€;@pa_mare;In risposta a @Giampie42004576 e @matteosalvinimi;2018-06-11 17:29:17;#nonsiamotuttimatteosalvini;1;;2
Giampieroâ€;@Giampie42004576;In risposta a @pa_mare e @matteosalvinimi;2018-06-11 22:09:10;#nonsiamotuttipaolamaregrazieadio;;;
Giacomo FaustiniÂ ğŸ‡®ğŸ‡¹Â ğŸ‡¬ğŸ‡· Schuldenorgieâ€;@giacomofaustini;In risposta a @matteosalvinimi;2018-06-12 19:53:13;Grazie. Sono felice, da calabrese, italiano, europeo, di avere votato per la @LegaSalvini .;;2;4
Bucci Mirellaâ€;@mirabuccia_;In risposta a @matteosalvinimi;2018-06-11 15:59:19;CosÃ¬ fai morire dei poveracci..... ma hai salvato il tuo ego strafottente.;;3;2
Wilâ€;@dh_wil;In risposta a @matteosalvinimi;2018-06-11 15:24:21;"last year same thing they pick them up at the same location every time, i monitored it for months... 

this is the KALERGI PLAN in working, EU elites should be hold accountable and every migrants should be brought back!pic.twitter.com/PJIdZQHDaL";;3;2
Candy Amaraâ€;@Candy_Amara;In risposta a @matteosalvinimi;2018-06-11 19:15:38;Bravo,complimenti hai fatto una cosa che in tanti anni di governi abusivi nn hanno mai fatto,loro hanno un bel dire i falsi buonisti,tanto chi li sostiene sono quelli che hanno la scorta armata fino ai denti!mi domando,perchÃ© vivono in Italia?si dovrebbero trasferire in africa!!;;2;3
wolfmanâ€;@grandelega;In risposta a @matteosalvinimi e @marcocf69;2018-06-11 14:14:51;Sono viaggi organizzati da Bruxelles per piegarti e umiliarti come Ministro dell' Interno.Matteo non cedere , se potessi ti affiancherei. Vai avanti a testa bassa.;;1;5
Stefaniaâ€;@OlivaStefi;In risposta a @matteosalvinimi;2018-06-12 10:16:41;@matteosalvinimi spero tu legga questo mio twt : stai facendo un ottimo lavoro ma il @MinisteroDifesa NO, visto che ha ordinato alla @ItalianNavy di portare in Italia quasi 1000 #clandestini. CosÃ¬ non va proprio, fÃ  qualcosa perfavore, te lo chiedo col cuore in mano!!;1;3;3
IL PLEBEOâ€;@neocapitalesimo;In risposta a @matteosalvinimi e @borghi_claudio;2018-06-11 22:44:10;Ma non sarebbe il caso di rimettere all'opera Zuccaro?;1;1;1
Francesco Falcoâ€;@fra_falco;In risposta a @matteosalvinimi;2018-06-11 12:54:31;ti hanno appena smentito in diretta tv su #SkyTG24 : la #SeaWatch3 non Ã¨ impegnata in nessuna operazione di salvataggio. PAGLIACCIO!;9;;3
Gianluca Aresuâ€;@gianlucaaresu;In risposta a @fra_falco e @matteosalvinimi;2018-06-11 13:05:52;Leggiti bene il tweet ignorante...nessuno ha mai detto che la nave Ã¨ carica ma solo IN ATTESA...;;;4
VincenzoPucciDjâ€;@vinnypucci;In risposta a @matteosalvinimi;2018-06-11 14:59:33;Una volta curata...lâ€™Italia potrÃ  permettersi di aiutare anche altri ...cosÃ¬ rischiamo di perdere noi tutto e non dare niente a loro ! Giusto intervento di Salvini !;;;7
Giuseppe D'AlÃ²â€;@Giuse2003;In risposta a @matteosalvinimi;2018-06-11 13:13:53;Che il governo tenga duro!!!!!!;;;7
Superlep_2â€;@Superlep_2;In risposta a @matteosalvinimi;2018-06-11 14:13:58;barcellona li accetta...matteo...apriamo un corridoio libia-spagna. occasione piu unica che rara....sfruttala matteo..;;2;2
Marconappi27â€;@Marchese_84;In risposta a @matteosalvinimi;2018-06-11 22:53:16;NON MOLLARE !!!! RICORDATI SEMPRE CHE HAI DALLA TUA PARTE Lâ€™80% DEGLI ITALIANI.;;1;3
Persilâ€;@PersilQ;In risposta a @matteosalvinimi;2018-06-11 20:49:06;Assistere a tanta sofferenza mi fa lacrimare (CI STANNO PERCULANDO TUTTI)https://twitter.com/SOSMedItalia/status/1000486172798472192Â â€¦;;2;2
tergv200Â ğŸš‚Â ğŸŒŸÂ ğŸ˜¸â€;@tergv2001;In risposta a @matteosalvinimi;2018-06-11 22:42:56;Io non sono nÃ¨ di destra, nÃ¨ di sinistra, ma nella realtÃ  Salvini ha dovuto ricorrere ad estremi rimedi per far sÃ¬ che i politici a Bruxelles facessero finalmente qualcosa. Loro fino ad ora se ne sono sempre fregati. Altro che Unione Europea. L'Europa Ã¨ piÃ¹ divisa che mai...;1;;3
tergv200Â ğŸš‚Â ğŸŒŸÂ ğŸ˜¸â€;@tergv2001;In risposta a @tergv2001 e @matteosalvinimi;2018-06-11 22:44:35;Vedi Francia e Austria che hanno chiuso le frontiere e non permettono a nessuno di entrare!;1;;2
tergv200Â ğŸš‚Â ğŸŒŸÂ ğŸ˜¸â€;@tergv2001;In risposta a @tergv2001 e @matteosalvinimi;2018-06-11 22:50:33;Bella cooperazione...;;;1
Stefano Lo Monacoâ€;@sten_lomonaco;In risposta a @matteosalvinimi;2018-06-11 15:17:15;AVANTI COSI' E FERMARE LE PARTENZE ANCHE MILITARMENTE;;1;3
Angelo Pigoriniâ€;@AngeloPigorini;In risposta a @matteosalvinimi;2018-06-11 12:49:18;#MatteoSalvini twitta di meno e lavora. Che di cose da fare c'Ã¨ ne sono.;1;;3
mayaâ€;@aAnnanka;In risposta a @AngeloPigorini e @matteosalvinimi;2018-06-11 19:30:32;lo sta facendo mi pare Ã¨ puÃ² twittare quanto vuole;;;2
Bruno Piredda Â ğŸ‡®ğŸ‡¹â€;@Bruno81532536;In risposta a @matteosalvinimi;2018-06-12 14:42:21;C'era fino a stamattina alle 10. 00... Ora Ã¨ sparita dalla mappa... ChissÃ  come mai?;1;1;1
germix64 Â ğŸ‡®ğŸ‡¹Â ğŸ‡¬ğŸ‡·â€;@germix64;In risposta a @Bruno81532536 e @matteosalvinimi;2018-06-12 14:58:41;... Non mi dirai che vogliono nascondere qualcosa eeehhhh...?;1;;
Bruno Piredda Â ğŸ‡®ğŸ‡¹â€;@Bruno81532536;In risposta a @germix64 e @matteosalvinimi;2018-06-12 15:02:33;Nooooooooo.... Ma, quando mai? Vedrai che ricompare in acque italiane quando meno te lo aspetti;;1;1
Nobitaâ€;@nnhoparole;In risposta a @matteosalvinimi;2018-06-11 13:56:37;Nn ti inventare scuse devi farcela a rimandarli a casa e a respingerli !!! Nn ne possiamo piuuuuu!!!;;;5
Stefanoâ€;@stefanobilance1;In risposta a @matteosalvinimi;2018-06-11 13:08:09;Capisco che lâ€™euro deputata parlamentare sia inorridita dal fatto che salvini non permetta a queste navi cariche persone di non poter attraccare nei nostri porti, ma va anche detto, ai cari parlamentari che il tempo per le soluzioni lâ€™hanno avuto e fino ad ora, nessun riscontro;;;5
Marcoâ€;@Marco_Cagliari_;In risposta a @matteosalvinimi;2018-06-11 13:12:54;Nessun giornalista attacca Malta? Questi razzisti maledetti? Questi che non hanno umanitÃ ? PerchÃ¨ i centri sociali non vanno a protestare a Malta?? #svegliamoci;;;6
Mich76â€;@mike76italia;In risposta a @matteosalvinimi;2018-06-11 13:51:39;Avanti cosÃ¬!;;;6
Giuseppe Crisafi Jj Â ğŸ‡®ğŸ‡¹Â âœï¸â€;@GiuseppeCrisaf1;In risposta a @matteosalvinimi;2018-06-12 10:39:57;perchÃ¨ la marina libica non interviene per bloccare il traffico?! basta seguire le ong...dove sono ferme significa che presto arriveranno gli scafisti...facile bloccare il traffico...;;1;2
ernestâ€;@cr_ernest0;In risposta a @matteosalvinimi;2018-06-11 13:48:00;Non mollare;;;6
claudio Gattiniâ€;@capotecnico;In risposta a @matteosalvinimi;2018-06-12 20:46:15;Ong tedesca migranti in Germania, Ong Francia migranti in Francia....;;1;2
Denys Shevchenkoâ€;@DenysShevchenk1;In risposta a @matteosalvinimi;2018-06-11 15:25:27;PerchÃ© sui barconi c'Ã¨ sempre una percentuale esagerata di donne incinte? Bisogna arrestare chi fa questa tratta. Basta dire a Salvini parole che tornano come un boomerang. Chi parla contro lo fa per interesse. PerchÃ© gli italiani non pensano agli italiani?;;1;2
Soccorsa Chiarappaâ€;@SoccorsaChiara;In risposta a @matteosalvinimi;2018-06-12 06:42:28;pic.twitter.com/0Q82b3nqYH;;1;2
massimo di domenicoâ€;@didomax71;In risposta a @matteosalvinimi;2018-06-11 13:01:32;"LI STANNO TRAGHETTANDO.
SALVINI NOI SIAMO SENZA LAVORO E REDDITO.
BASTApic.twitter.com/0ed0DLANxI";;1;2
ascista ITAâ€;@sauroxxxx;In risposta a @matteosalvinimi e @RNicoletto;2018-06-11 13:16:05;Ma Ã¨ semplice visto che le ong  aiutano chi scappa dal proprio paese li portino a casa loro... Questi invece invitano gente a mangiare a casa d'altri ...incredibile;;1;2
jose luis uriz iglesiasâ€;@jluriziglesias;In risposta a @matteosalvinimi;2018-06-11 17:52:13;Sois lo peor. Escoria fascistoide;;1;2
Marco Sansoneâ€;@MarcoSansone76;In risposta a @matteosalvinimi;2018-06-11 12:31:42;Quello che vogliono gli italiani lo dicono le ultime elezioni politiche e i sondaggi sulle intenzioni di voto. Chiedetevi perchÃ© Lega e M5S hanno ormai quasi il 60% assieme e il PD sta colando a picco. Forse perchÃ© sono stufi marci anche di situazioni del genere? #chiudiamoiporti;1;1;3
daniela cicogniniâ€;@dcicognini;In risposta a @matteosalvinimi;2018-06-11 12:30:38;"Capitano... ""GRAZIE""";1;1;1
Ciro Armenioâ€;@CiroArmenio;In risposta a @dcicognini e @matteosalvinimi;2018-06-11 12:56:53;Grande Salvini!;;;1
Dario LEONETTIâ€;@Dragonfly_IT;In risposta a @matteosalvinimi;2018-06-11 12:27:31;Forza Matteo basta con il business dell'immigrazione mascherato;;;4
Leonardoâ€;@leonardo1ao;In risposta a @matteosalvinimi;2018-06-11 21:40:37;#SalviniNonMollare;;;4
Fabianaâ€;@fabiana_barone7;In risposta a @matteosalvinimi;2018-06-11 12:59:05;Fai schifo. Oggi e per sempre;;;4
orsola truppo Â ğŸ‡®ğŸ‡¹â€;@orsolatruppo;In risposta a @matteosalvinimi;2018-06-11 15:06:06;Bravo;;;3
ANTONIOâ€;@ANTONIO49471273;In risposta a @matteosalvinimi;2018-06-11 13:36:09;Prendiamo esempio da Trump per difendere i propri confini e la sovranitÃ  nazionale basta a finti buonismi dei compagni PD amici di banchieri massoni e servi di Francia e Germania. L' Italia non deve piÃ¹ essere la pattumiera di Europa. Pugno duro e non cedere Capitano;;1;1
Biagio Ricciâ€;@BiagiRicci;In risposta a @matteosalvinimi;2018-06-11 15:05:54;Non bisogna mollare di un centimetro! Bravo @matteosalvinimi;;;3
Nicolaâ€;@Nicola62133722;In risposta a @matteosalvinimi;2018-06-11 13:41:02;Vai Matteo siamo tutti con te!!!;;;4
Alessandro Franchiâ€;@afranchi67;In risposta a @matteosalvinimi;2018-06-11 13:54:07;Avanti cosi vai Matteo!!!;;;3
Si Mone Borsciâ€;@SBorsci;In risposta a @matteosalvinimi;2018-06-11 18:54:38;Ãˆ un pÃ² che scrivo e riscrivo sto tweet, pensando ad una risposta che non contenga insulti...e niente, non ci riesco. Limite mio.;;1;1
Ecodeicomuni Â ğŸŒ Â ğŸ‡®ğŸ‡¹â€;@ecodeicomuni_ec;In risposta a @matteosalvinimi;2018-06-11 14:15:53;"Ministro, le ong sono mere ""agenzie"" di viaggio da un posto all'altro, non fanno salvataggio, il salvataggio avviene nel punto di naufragio(procurato serialmente) e deve essere compiuto in sicurezza nell'approdo piÃ¹ vicino, cioÃ¨ Africa o partenza.Le ong fanno economia di trasport";;1;1
Riccardo Braminiâ€;@BraminiRiccardo;In risposta a @matteosalvinimi;2018-06-11 13:59:37;"Queste ONG fanno conto di essere al supermercato: comprano presunti profughi e li rivendono a chi fa il business dell'accoglienza. E alcuni italiani credono ancora alle favole...
#chiudiamoiporti #riapriamoimanicomi";;;3
ANDREAâ€;@Andre_Scala;In risposta a @matteosalvinimi e @sangazzurr;2018-06-11 23:49:50;"Sono convintamente di sinistra.
Stavolta BRAVO,SIAMO STUFI";;1;1
Francesco Baldiniâ€;@franz_miles;In risposta a @matteosalvinimi;2018-06-11 19:01:46;Sempre con te, la persona giusta nel posto occupato per anni da Alfano.#chiudiamoiporti;;;4
ğŸ‡®ğŸ‡¹+P.i.L.Â ğŸ‡®ğŸ‡¹Prima i LavoratoriÂ ğŸ‡®ğŸ‡¹â€;@PrimaiLavorator;In risposta a @matteosalvinimi;2018-06-11 14:09:39;"Requisire le navi per ragioni di Sicurezza Nazione.
La tenuta democratica del Paese Ã¨ a rischio.

Esclusivo Interesse della Nazione. Poi tutto il resto.pic.twitter.com/aZjSZVwje1";;1;1
Nicola Faccioliniâ€;@NikeSkywalker;In risposta a @matteosalvinimi;2018-06-11 20:26:42;Cosa facciamo ai responsabili locali della #Lega che in soli tre mesi ridimensionano il partito al 6% alle Elezioni #Amministrative2018 dal 18% delle #Politiche2018? Matteo siamo molto delusi. Ma votiamo Lega.;;1;1
jose lopezâ€;@dinocefalo;In risposta a @matteosalvinimi;2018-06-12 10:58:23;Estos italianos fueron emigrantes A Argentina.pic.twitter.com/6yWU3w1x0J;;1;1
Giovanniâ€;@WYXYOVANNI55;In risposta a @matteosalvinimi;2018-06-12 08:37:20;Io devo chiedervi buonisti del cazzo provate a vivere in un condominio dove ci son migranti vi passa la voglia x i troppi casini. ma PAMELA vi ricorda qualcosa questi son disposti a tutto;;1;1
LUANA CELLIâ€;@CelliLuana;In risposta a @matteosalvinimi;2018-06-11 12:56:03;Non mollare il popolo italiano , quello vero Ã¨ con te;;;3
Simopâ€;@simop25;In risposta a @matteosalvinimi;2018-06-11 16:35:18;Sei la vergogna dell'Italia... anzi no...del genere umano... anzi no... perchÃ© l'umanitÃ  in te Ã¨ morta #involuzionedellaspecie #vomito #Aquarius;;;4
Antonio Benni Â ğŸ‡®ğŸ‡¹Â ğŸ‡®ğŸ‡¹Â ğŸ‡®ğŸ‡¹â€;@benq_antonio;In risposta a @matteosalvinimi;2018-06-11 12:23:26;#####NON MOLLARE MANTIENI IL PUNTO....;;1;1
rena apolloâ€;@apollore62;In risposta a @matteosalvinimi e @Corrado_info;2018-06-11 23:30:11;"QUELLI CHE ARRIVANO SONO I RICCHI DELL'AFRICA
I VERI BISOGNOSI NON HANNO I SOLDI PER IMBARCARSI
CARICANO DONNE E BAMBINI PER IMPIETOSIRE L'OPINIONE PUBBLICA....SVEGLIAMOCI";;1;1
King Sobieski Â ğŸ‡®ğŸ‡¹ Â ğŸ‡µğŸ‡±â€;@XMmf3;In risposta a @matteosalvinimi;2018-06-11 13:50:01;Le ONG straniere hanno rotto i cogl...ni...  Mandiamo le fregate militari a prenderle a cannonate;;;3
G.Corpasâ€;@alfbajosa;In risposta a @matteosalvinimi;2018-06-11 18:18:44;Con la de italianos sueltos por el mundo y Vd. cerrando fronteras en su paÃ­s. HipocresÃ­a. No olvidÃ©is vuestra historia porque la estÃ¡is repitiendo;1;1;4
Ecodeicomuni Â ğŸŒ Â ğŸ‡®ğŸ‡¹â€;@ecodeicomuni_ec;In risposta a @matteosalvinimi;2018-06-12 00:33:26;Ministro indagate sul pd...;;1;1
LUANA CELLIâ€;@CelliLuana;In risposta a @matteosalvinimi;2018-06-11 12:59:56;Matteo non mollare , noi veri italiani siamo con te;;;3
il poro spreadâ€;@billa_silvia;In risposta a @matteosalvinimi;2018-06-11 12:41:59;"Ti voglio vedere con la mafia 
contro gli ultimi della terra sono buoni tutti. Jon Waine dei poveri.";;1;1
anto61â€;@Signorasinasce;In risposta a @matteosalvinimi;2018-06-11 13:50:14;Tieni duro!!!!!;;;3
Alberto MÃ¶glichâ€;@italbertoz;In risposta a @matteosalvinimi;2018-06-11 12:58:36;Grande Matteo!;;1;1
PaolaCoÂ ğŸ‡®ğŸ‡¹â€;@PaolaCps8;In risposta a @matteosalvinimi;2018-06-11 15:59:33;Grande Matteo, c'Ã¨ una ong olandese? Li portasse in Olanda;;1;1
tabbuehsâ€;@__xstetax__;In risposta a @matteosalvinimi;2018-06-11 13:47:39;io spero che non assecondi il buonismo dei poteri UE e friends ! Assecondarli vuol dire essere complici dei trafficanti;;;3
Persilâ€;@PersilQ;In risposta a @matteosalvinimi;2018-06-11 13:31:32;"Se tieni duro guadagni VOTI; guarda alle amministrative......vi vedremo come minimo al 30%. TIENI DURO E BLOCCA TUTTO";;;3
Raffaella Facciniâ€;@RaffaellaFacci1;In risposta a @matteosalvinimi;2018-06-11 12:33:24;L 'Italia ha fatto fin troppo Ã¨ ora che le navi ONG virino in altri porti. Basta!!!!! Fatti valere Salvini.;;;3
Andrea-Ema Madaschiâ€;@AndreaEmaMadasc;In risposta a @matteosalvinimi;2018-06-11 23:31:06;#blocconavale #chiudiamoiporti Orgoglio ITALIANO;;1;1
StelladellaSennaâ€;@Laura08533387;In risposta a @matteosalvinimi;2018-06-11 13:48:15;Si Basta con questi  Ingressi..Basta queste invasioni Barbariche !Con la scusa che ci stanno donne e bambini..e che scappano dalla guerra Arrivano a flotte!..poi arrivati qui ,vogliono iPhone Nike  vitto e Alloggio, non lavorano.Adesso vediamo quanti altri nÃ© partiranno.;;;3
Christian BakeOff5â€;@krys13488;In risposta a @matteosalvinimi;2018-06-11 16:34:27;Vasco Rossi scansate;;;3
Lupo solitario Â ğŸ‡®ğŸ‡¹â€;@aghiperparole;In risposta a @matteosalvinimi;2018-06-11 13:27:45;Signor ministro, la gran parte degli italiani nn ha nessun riferimento televisivo o giornalistico ufficiale x capire il come e il perchÃ©. Lei sa perfettamente che tutti i media sono contro di lei e chi vi ha votato, ci aiuti la prego..;;1;1
Stefano G. Vitiello Â â›µ Â ğŸ‡®ğŸ‡¹â€;@StefanoGVi;In risposta a @matteosalvinimi e @MinutemanItaly;2018-06-12 12:07:27;In Italia prima gli italiani, in Africa prima gli africani. Bisogna dirlo agli schiavisti che tifano per la tratta di esseri umani. Dite basta alle colonie francesi inglesi cinesi olandesi in africa, restituite l'Africa agli africani!. Basta ipocrisia e finta solidarietÃ ;;1;1
germix64 Â ğŸ‡®ğŸ‡¹Â ğŸ‡¬ğŸ‡·â€;@germix64;In risposta a @matteosalvinimi;2018-06-11 15:04:22;"Occhio... Iniziano con l'emergenza acqua e l'emergenza viveri con cui faranno pressioni X un attracco in Italia.
Ãˆ il momento di tenere il punto inviando navi appoggio militarI in grado di trasbordare il necessario oltre il combustibile. Sia mai che dicano che siamo assassini...";;1;1
CMC SELEZIONI VINIâ€;@CMCSELEZIONI;In risposta a @matteosalvinimi;2018-06-11 16:52:04;Bravo matteo linea dura senza paura;;1;1
ANTONIOâ€;@ANTONIO49471273;In risposta a @matteosalvinimi;2018-06-11 13:32:38;Finalmente le cose cambiano Ã¨ finita la pacchia muovano il culo la Germania e la Francia se vogliono accoglierli. Noi invece bisogna prendere esempio dall' Ungheria dall' Austria dagli Stati Uniti e dalla Russia quelli devono diventare i nostri nuovi partner.;;1;1
Tomek Kolinsâ€;@Tomek_Kolins;In risposta a @matteosalvinimi;2018-06-11 19:53:38;brawo Italia! greetings from Poland, keep fighting for your country, if not it will collapse like Rome empire from barbarians...;;;3
Christian Pinnaâ€;@cristian171275;In risposta a @matteosalvinimi;2018-06-11 14:36:14;Anni 80/90 quando gli Albanesi arrivavano con carrette del mare venivano rispediti a casa subito nel 1991 una nave con 21mila persone attracco furono tutti rispediti in patria. Corsi e ricorsi...#iocombattoperlamiaterrafallopuretu #nonimbarcarti #decididellatuaterra @Simonasimo0;;1;1
sandroâ€;@sandrobargagna;In risposta a @matteosalvinimi;2018-06-11 16:07:04;Questo casino bisogna ringraziare i buonisti del Pd che si sono sempre abbassate le mutande.;;;4
Luca Augello Ruizâ€;@augello_luca;In risposta a @matteosalvinimi;2018-06-11 14:10:19;"Ciao, @matteosalvinimi , questi sono i volti di quelli che lei non vuole accogliere. CosÃ¬ gli ricorderÃ  mentre aspettano in mare.

@el_paispic.twitter.com/ZcKvUi2JAQ";;1;1
massimoâ€;@MalamasMax;In risposta a @matteosalvinimi;2018-06-11 15:06:58;Ma soccorrono o CARICANO!?!?!?!;1;;5
Davide Pisuâ€;@PisuDavi;In risposta a @matteosalvinimi;2018-06-11 16:10:50;pic.twitter.com/IynuEVQQT1;1;;2
Ilaria Icardiâ€;@mywaytobemyself;In risposta a @PisuDavi e @matteosalvinimi;2018-06-11 21:55:39;Povera Meryl Streep...se vedesse come Ã¨ stata usata questa GIF le verrebbe un infarto;;;1
Il poetaâ€;@franco56939151;In risposta a @matteosalvinimi;2018-06-11 18:38:54;Se la ONG Ã¨ tedesca... vadano in Germania. Basta fare proclami di solidarietÃ  con l'accoglienza degli altri!;1;;2
Fabry.â€;@Fabryzzziiiooo;In risposta a @franco56939151 e @matteosalvinimi;2018-06-12 13:01:10;Bravo chi li carica se li curi !!;;;1
Diego Tomasoniâ€;@tomasonidiego;In risposta a @matteosalvinimi;2018-06-11 13:50:17;"Quando arriva la flat tax? 2021
Il reddito di cittadinanza? Dal 2022
Interventi sulle pensioni? Boh, vediamo
Blocchiamo i porti che fa figo e finisci al tg 5
Con i disperati leoni, in Europa coglioni";2;;1
giovanniÂ ğŸ”´Â âš«ï¸Â ğŸ”28/05/2003â€;@sagitto78;In risposta a @tomasonidiego e @matteosalvinimi;2018-06-11 14:37:14;Ma il tuo pd cosa ha fatto x lâ€™italia e gli italiani? E per i terremotati?;;;2
epimenide #facciamorete #siamoeuropei Â ğŸ‡ªğŸ‡ºâ€;@apri_la_mente;In risposta a @matteosalvinimi;2018-06-12 08:01:17;Tu non sei ministro dell'interno ma il ministro della propaganda. Tu non trovi soluzioni permanenti ma spot elettorali. Tu non hai competenze ma il Bignami che Putin ti ha dato per distruggere l'Italia;1;1;1
Anthony Marraâ€;@Anthony27930061;In risposta a @matteosalvinimi;2018-06-11 17:18:12;Non mi sembra vero!!!! Grande grande grande salvini;1;;3
sarn greyâ€;@SarnGrey;In risposta a @matteosalvinimi e @web_lucia;2018-06-11 22:30:26;Siiiiiiiii. Se continui cosÃ¬ giuro che vengo in ginocchio a baciarti le chiappe .;1;;1
ğŸ’šÂ ğŸ’œÂ ğŸ–¤luciaÂ ğŸ‡®ğŸ‡¹ Â ğŸ’šÂ ğŸ’œÂ ğŸ–¤â€;@web_lucia;In risposta a @SarnGrey e @matteosalvinimi;2018-06-11 23:00:33;Bella questa;;;1
anna Â ğŸ˜â€;@semplicterry;In risposta a @matteosalvinimi e @Domy21935359;2018-06-11 21:32:23;Caro Matteo adesso una bella retata di rom ! Metteteli su di un barcone e scaricateli in Honduras!!! Firenze Ã¨ stracolma !!! Ãˆ oggi Duccio Ã¨ morto per colpa di quelle merde ... Duccio figlio di tutti noi RIP;1;;1
ğŸŒÂ ğŸ’™Â ğŸŒ‹DomyÂ ğŸ’™Â ğŸŒ‹Â ğŸŒâ€;@Domy21935359;In risposta a @semplicterry e @matteosalvinimi;2018-06-11 21:33:18;Tutti a casa loro ,TUTTIIIII DICO TUTTI;;;1
Drselinaâ€;@selinapersonal;In risposta a @matteosalvinimi;2018-06-11 12:59:12;Chiudi i porti e i rubinetti vedrai che magicamente non arriverÃ  piÃ¹ nessuno;1;;1
SalGalâ€;@SalGal1899;In risposta a @selinapersonal e @matteosalvinimi;2018-06-11 15:09:11;Bisogna chiamare lâ€™esercito se non la capiscono con le buone;;;1
cristina ancellottiâ€;@392_ancellotti;In risposta a @matteosalvinimi;2018-06-11 21:05:17;Noi non molliamo;1;;4
Laurettaâ€;@miha_laur76;In risposta a @matteosalvinimi;2018-06-12 12:44:59;"Ma finitela con questa parola ""capitano""....";1;;1
PAOLO BELARDI Â ğŸ‡®ğŸ‡¹Â ğŸ‡®ğŸ‡¹ #26maggiovotolegaâ€;@BelardiPaolo;In risposta a @miha_laur76 e @matteosalvinimi;2018-06-12 12:52:53;Lauretta buongiorno a me sembra azzeccata invece;1;;
Laurettaâ€;@miha_laur76;In risposta a @BelardiPaolo e @matteosalvinimi;2018-06-12 13:17:42;Buongiorno Paolo,  mi trattengo ....perchÃ© sei un mio amico e ti rispetto,  perÃ² CAPITANO ha un altro significato!!!  Su Salvini proprio no!!!;1;;1
PAOLO BELARDI Â ğŸ‡®ğŸ‡¹Â ğŸ‡®ğŸ‡¹ #26maggiovotolegaâ€;@BelardiPaolo;In risposta a @miha_laur76 e @matteosalvinimi;2018-06-12 13:20:46;Io pur non avendolo votato ho piena fiducia credimi chiamarlo capitano per altri Ã¨ un carica che gli si addice abbi fiducia bellissima ti voglio sempre tantissimo bene;1;;1
Laurettaâ€;@miha_laur76;In risposta a @BelardiPaolo e @matteosalvinimi;2018-06-12 17:45:00;Abbraccio!;;;
maxâ€;@maxrcm2;In risposta a @matteosalvinimi;2018-06-12 13:09:50;"X la prima volta assistiamo ad un politico che rispetta le promesse dopo le elezioni.
Tanto di cappello .
Siamo in molti e siamo tutti con te.
Forza metteo !!";;;2
Alberto Bertiniâ€;@AlbiBertini;In risposta a @matteosalvinimi;2018-06-11 20:16:58;Complimenti, finalmente una persona che non si piega davanti all'Europa che ci vuole deboli. Continua cosÃ¬.;;;2
Pina Siracusanoâ€;@PinaSiracusano4;In risposta a @matteosalvinimi;2018-06-12 00:48:14;Bravooooo!!!!!!Matteo! !!!!!mi dispiace x l'oro! !!!......rispondiamo di no! !!!agli sbarchi! !!!!!;;;2
Robertoâ€;@RobertoAudis3;In risposta a @matteosalvinimi;2018-06-11 14:19:39;Sei un GRANDE MATTEO!!!....finalmente era ora...Ci siamo rotti i cxxxxxxi!!! complimenti sei sempre stato coerente..quello che dici fai...ti ammiro tantissimo..grazie a te mi sono riavvicinato alla Politica..FORZA MILAN!!!;;;2
Sandroâ€;@Sandro51456614;In risposta a @matteosalvinimi;2018-06-11 21:50:53;Matteo non mollare tieni duro la nave non deve sbarcare...;;;2
robert78â€;@RsRobert78;In risposta a @matteosalvinimi;2018-06-11 13:10:02;Li prendono a pochi km dalle coste,non sono profughi,si spacciano per minori,sono milioni pronti a venire,non scappano da guerre(vedere i dati),alimentano mafio coop avide,milioni di italiani sotto la soglia di poverta' e vorreste prenderne ancora? Siete FUORI DI TESTA.VAI MATTEO;;;2
Stefano GermanÃ â€;@stich199;In risposta a @matteosalvinimi;2018-06-11 13:38:10;Hai fatto bene a chiudere i porti. Ora dovremmo tutti - dell'Unione europea organizzarci con navi e accordi per non farli partire. Aiutiamoli nel loro paese.;;;2
serena iannaconeâ€;@serenaiannacone;In risposta a @matteosalvinimi;2018-06-11 13:30:07;Grande salvini!Vai avanti cosÃ¬;;;2
Valeria Bacchi Â ğŸ‡®ğŸ‡¹â€;@coccinigliarose;In risposta a @matteosalvinimi;2018-06-12 07:36:01;Ammiro la tua audacia e molti italiani ti ringrazieranno perchÃ© finalmente qualcuno pensa a noi.;;;2
Simoneâ€;@Csep75;In risposta a @matteosalvinimi;2018-06-11 12:40:02;Avanti cosÃ¬ Salvini sei stato votato dalla gente per dire basta. Finita. Non mollare di un centimetro e schiera lâ€™esercito !!!!;;;2
Alessandroâ€;@Alessan00172574;In risposta a @matteosalvinimi e @andrea___182;2018-06-11 12:58:28;Grande ministro non chiniamo il capo come al solito , glia altri paesi se ne sbattono chiudono porti e frontiere e alla spalle il degrado solo a noi;;;2
Rita ligabueâ€;@Oliverannik;In risposta a @matteosalvinimi;2018-06-11 13:32:50;Vai Matteo!!! Non mollare;;;2
Buzzasaur Â ğŸ¦–Â ğŸ³ï¸â€ğŸŒˆâ€;@darkpassiontia;In risposta a @matteosalvinimi;2018-06-11 12:53:39;#chiudilabocca e smettila di dire stronzate;;;2
Orlandoâ€;@OrlandoStier68;In risposta a @matteosalvinimi;2018-06-11 12:58:49;Bene cosi' Matteo!;;;2
Meg Â ğŸ‡®ğŸ‡¹Â ğŸ’›Â ğŸ’™â€;@lameghy;In risposta a @matteosalvinimi;2018-06-11 14:06:52;Possiamo evitare di aiutare Malta nella propria zona SAR? Sarebbe giÃ  qualcosaâ€¦ Se non hanno mezzi e uomini a sufficienza si facciano ridurre la zona di competenza e i relativi fondi UE ... no!?;;;2
Emanuelaâ€;@Emanuel36971376;In risposta a @matteosalvinimi;2018-06-11 12:50:15;Bene Matteo continua cosÃ¬ non chinare mai il capo!!! Ora basta!!! che sia una responsabilitÃ  anche per gli altri paesi!!!;;;2
Luca Â®â€;@Luca_Sxa;In risposta a @matteosalvinimi;2018-06-11 13:02:58;@matteosalvinimi continua cosÃ¬!!! Tieni duro!!!;;;2
jordyâ€;@giovold;In risposta a @matteosalvinimi;2018-06-11 13:28:10;resisti Capitano, siamo pronti a scendere in piazza!!!;;;2
LcNrdâ€;@Orsomanno;In risposta a @matteosalvinimi;2018-06-11 12:33:44;Avanti cosÃ¬.;;;2
Sandroâ€;@Sandro73288298;In risposta a @matteosalvinimi;2018-06-11 22:48:00;Grande Matteo non mollare continua cosÃ¬ Ã¨ la strada giusta;;;2
Fetishloveâ€;@Fetishlove690;In risposta a @matteosalvinimi e @alvynica2;2018-06-11 17:47:48;Che se li prendano loro Germania o Olanda oppure li caricano e li riportano in Libia!   Basta;;;2
Diego Â ğŸ‡®ğŸ‡¹â€;@LatinvsXXI;In risposta a @matteosalvinimi;2018-06-11 12:49:35;GRAZIE SALVINI;;;2
Pinxâ€;@pinx75;In risposta a @matteosalvinimi;2018-06-11 14:05:00;Salvini era stato chiaro in campagna elettorale .Chi lo ha votato, evidentemente era d'accordo con lui sulla questione immigrati . Ora tutti a strumentalizzare ! Rispettate il volere di chi vota . Nessuno sta morendo , i profughi sono assistiti ,forse per la prima volta;;;2
Gino Mulattiera - Â ğŸ‡®ğŸ‡± ×©Ö¸××œ×•Ö¹×â€;@Gino_Mulattiera;In risposta a @matteosalvinimi;2018-06-11 15:29:14;"4 di Gallarate?
caro il mio elettore pro scafisti schiavisti ... ha giÃ  dato un'occhiata ai risultati elettorali delle comunali di ieri?
Mmmm... altre cattive notizie per lei, la lega cresce.";;;2
Burcinellaâ€;@burcinella;In risposta a @matteosalvinimi;2018-06-11 14:13:15;Tieni duro Matteo tra un mese di questo tamtam  vedrai che smettono!!!!;;;2
whiteâ€;@176617S;In risposta a @matteosalvinimi;2018-06-11 17:29:13;Ma quelli che fino a ieri si lamentavano degli innumerevoli immigrati in Italia, oggi che cazzo di problema hanno contro la decisione di Salvini? Fate pace co sa' coccia!;;;2
ADHD boyâ€;@spacesocialism9;In risposta a @matteosalvinimi;2018-06-11 14:04:54;Sei un buffone che parla solo per slogan, mentre a rimetterci sono vite umane appese a un filo. Mazza che â€œcristianoâ€ oh.;;;2
Sandro D'Agostinoâ€;@DAgostinoSandro;In risposta a @matteosalvinimi;2018-06-12 08:01:19;Una persona intelligente spiegherebbe che la scelta sofferta di impedire sbarchi serve per richiamare gli stati UE alle proprie responsabilitÃ . Aizzare il social con l'hastag #chiudiamoiporti  Ã¨ sintomatico di miseria umana e ignoranza, ossia il cemento di questo governo.;;;2
MBC -Â ğŸ‡¿ğŸ‡¦_PJ66_Â ğŸ‡³ğŸ‡±-â€;@PJ66IK;In risposta a @matteosalvinimi;2018-06-11 22:25:31;Good please keep refusing those idiots nobody wants them only Those from the EU in Brussel;;;2
Leonidaâ€;@angelojkd;In risposta a @matteosalvinimi;2018-06-12 15:10:57;A Salvini il merito di aver puntato i piedi e scoperchiato le vere ragioni delle Ong: Fare soldi.pic.twitter.com/XtK57HKVl7;;;2
michael2015â€;@pinosilvi;In risposta a @matteosalvinimi;2018-06-11 15:02:00;Grande Matteo...non mollare non ascoltare quei pidioti che la mettono sempre sul buonismo.........;;;2
Nicole Goldenâ€;@twit_golden;In risposta a @matteosalvinimi;2018-06-11 14:31:17;Well done. It s time these socalled humanitarians are put in their place. They are helping noone by playing taxi service for illegal immigrants. Italy and the other EU countries with external borders cannot be expected to continuously take in this flood of illegal immigrants.;;;2
Marilina Depperuâ€;@Marilin73335066;In risposta a @matteosalvinimi e @____carlo____;2018-06-11 12:55:51;Teniamo.duro...solo.cosÃ¬ finirÃ  questo traffico di esseri umani....;;;2
Caterina M.â€;@KateEmme;In risposta a @matteosalvinimi;2018-06-11 17:32:32;E poi vi riempite la bocca col cattolicesimo. So che non vi vergognate, ma dovreste. #Aquarius #Salvini;;;2
roberto matteoniâ€;@robertomatteoni;In risposta a @matteosalvinimi e @WandaPardini;2018-06-11 17:09:04;Lo chiamavano benito;;;2
Roberto Cornacchiaâ€;@robertocor;In risposta a @matteosalvinimi;2018-06-12 10:12:04;Potrei insultare te e i tuoi amici grillini in mille fantasiosi modi. Ma preferisco dedicarvi questa donazione. L'ho fatta pensando a voi.pic.twitter.com/3N7zFQ9UAa;;;2
Mina Rigalonâ€;@MRigalon;In risposta a @matteosalvinimi;2018-06-11 13:18:52;ces OGN sont payÃ©s pour chercher les Ã©migrÃ©s aux cotes Libyennes font croire qu'ils les sauvent en Mer ASSEZ DE PRENDRE LES PEUPLES EUROPEENS POUR DES IDIOTS ASSEZ D'EMIGRES QU'ILS FASSENT MOINS DE GOSSES VIVRONT MIEUX NOUS NE SOMMES PAS LEURS POUPONNIERES DE LEUR TROP PLEIN?.?;;;2
Carlos C. Bastosâ€;@CCcbastos;In risposta a @matteosalvinimi;2018-06-11 17:04:13;Finalmente segnali tangibili verso un cambiamento, che come qualsiasi altro cambiamento porta con se turbolenze..  Ma il ristagno Ã¨ sempre fatale e lâ€™Italia ne Ã¨ lâ€™esempio.;;;2
Monsieur Opaleâ€;@MonsieurOpale;In risposta a @matteosalvinimi;2018-06-11 17:38:28;Bah usare donne e bambini per fare politica contrasta col giuramento sul Vangelo. La politica ha i suoi spazi, l'umanitÃ  Ã¨ sempre;;;2
coccarelli  claudioâ€;@claudioerpiu;In risposta a @matteosalvinimi e @morena_m75;2018-06-11 12:32:20;"gli portino in olanda o germania.
altrimenti smettano di di praticare soccorso.";;;2
Antonio Leoneâ€;@Antonio44072723;In risposta a @matteosalvinimi;2018-06-11 16:03:54;Oggi dopo tanti anni cobrminciÃ² a risentirmi un cittadino italiano;;;2
Gianluca Di Colaâ€;@gianlucadicola;In risposta a @matteosalvinimi;2018-06-12 22:07:26;"Matteo l'Italia Ã¨ con te.  I ""fratelli"" europei hanno gettato la maschera, a questo punto andiamo avanti e pretendiamo il rispetto da tutti. Se siamo arrivati a questo punto dobbiamo ringraziare i governi pidioti (tecnici e non).";;;2
ğŸƒÂ ğŸŒºÂ ğŸƒâ€;@anima_ribelle_;In risposta a @matteosalvinimi e @Eedaii;2018-06-12 11:21:18;Continuate cosi   e il risultato del vostro impegno arriverÃ  !!!!;;;2
salvatore mirtoâ€;@salvatoremirto1;In risposta a @matteosalvinimi e @gen_napoli;2018-06-12 07:04:40;Grande Matteo fatti rispettare e solo cosi in Italia possiamo respirare un po da tutti qui sbarchi;;;2
Rosâ€;@Roxs1973;In risposta a @matteosalvinimi;2018-06-11 12:59:37;Prima di prendere decisioni affrettate bisognerebbe lavorare alla risoluzione del problema invece di crearne altri che non portano da nessuna parte...OrbÃ¡n Ã© uno di questi problemi e non 629 anime disperate. #Aquarius;;;2
rob seidueâ€;@RSeidue;In risposta a @matteosalvinimi;2018-06-14 15:41:59;pic.twitter.com/oj1iM7VMMD;;;2
stefano raponiâ€;@stefanoraponi2;In risposta a @matteosalvinimi;2018-06-11 13:51:35;Bravo Salvini dimostra a questi pecoroni chi tiene le palle.onore e gloria Stefano;;;2
sabrina indiâ€;@luganoIndi;In risposta a @matteosalvinimi;2018-06-11 18:19:54;Se tu avessi le palle, andresti al parlamento europeo ( ci sei mai stato?)o dai capi di tutti gli stati europei a picchiare i pugni sul tavolo e a pretendere quello che professi solo sui social. Chiudere i porti  Ã¨ una vigliaccata . Ravvediti;;;2
Lucaconlahâ€;@Lucaconlah;In risposta a @matteosalvinimi;2018-06-11 20:19:16;Siamo tutti con te! Viva l'italia!!;;;2
Rossobruna verso Itacaâ€;@Rossipazia;In risposta a @matteosalvinimi e @Fabio16902612;2018-06-13 20:28:34;Matteo, NO anche alla Sea Watch! Non molliamo! Porti chiusi e navi italiane per salvaguardare i confini, non per andare a prenderli!;;;2
@LucyMilano 92â€;@LucyMilano92;In risposta a @matteosalvinimi;2018-06-11 17:27:22;Sei grande Matteo! Orgogliosa di averti come ministro di questo paese tutto da rifare. Avanti cosÃ¬,complimenti! W LEGA!!!!!!!!!;;;2
roberto cabrasâ€;@robycabras1;In risposta a @matteosalvinimi;2018-06-11 14:58:20;Grande Matteo !;;;2
Arianna Salvettiâ€;@AriannaSalvetti;In risposta a @matteosalvinimi;2018-06-12 09:35:47;Lasciare delle persone in pericoloso di vita... esattamente a quale passo del Vangelo ti ispiri? #Aquarius #lega #5Stelle #M5S #maratonamentana #propagandalive #chiudiamoiporti #salvinimmerda #salvini;;;2
Sevilla_nahâ€;@Sevilla_nah;In risposta a @matteosalvinimi;2018-06-11 19:12:02;Eres una vergÃ¼enza, vergÃ¼enza de Europa. Nazi.;;;2
Sevilla_nahâ€;@Sevilla_nah;In risposta a @matteosalvinimi;2018-06-11 17:34:19;Sei un razzista e un xenofobo di merda. Fortunatamente in Spagna abbiamo Pedro SÃ¡nchez, mi fai schifo!!!;3;1;
Gianluca Pavanelloâ€;@gianlupava;In risposta a @Sevilla_nah e @matteosalvinimi;2018-06-11 18:26:21;a parte che a Ceuta e Melilla  (e non si capisce perchÃ© avete territori in Africa neocolonialisti fasciofranchisti) avete i muri e pagate i poliziotti marocchini per far sparire i clandestini;1;;2
Sevilla_nahâ€;@Sevilla_nah;In risposta a @gianlupava e @matteosalvinimi;2018-06-11 19:15:51;Quella era una misura di Rajoy (estrema destra). Ora il governo Ã¨ a sinistra con Pedro SÃ¡nchez.  Io voto a sinistra;1;;
Elisabettaâ€;@laflottina;In risposta a @matteosalvinimi;2018-06-11 15:13:56;Salvini che cita @vascorossi ma lui lo sa?;1;1;
Claudia Graziosiâ€;@bed2f572c0674fe;In risposta a @laflottina, @matteosalvinimi e @vascorossi;2018-06-11 15:29:18;Quando cita i @99Posse mi avvistate?;1;;
Elisabettaâ€;@laflottina;In risposta a @bed2f572c0674fe, @matteosalvinimi e altri 2;2018-06-11 15:40:19;Certo che si;;;1
